-- MySQL dump 10.13  Distrib 8.0.42, for Linux (x86_64)
--
-- Host: 185.233.106.89    Database: quartett
-- ------------------------------------------------------
-- Server version	9.3.0

/*!40101 SET @OLD_CHARACTER_SET_CLIENT=@@CHARACTER_SET_CLIENT */;
/*!40101 SET @OLD_CHARACTER_SET_RESULTS=@@CHARACTER_SET_RESULTS */;
/*!40101 SET @OLD_COLLATION_CONNECTION=@@COLLATION_CONNECTION */;
/*!50503 SET NAMES utf8 */;
/*!40103 SET @OLD_TIME_ZONE=@@TIME_ZONE */;
/*!40103 SET TIME_ZONE='+00:00' */;
/*!40014 SET @OLD_UNIQUE_CHECKS=@@UNIQUE_CHECKS, UNIQUE_CHECKS=0 */;
/*!40014 SET @OLD_FOREIGN_KEY_CHECKS=@@FOREIGN_KEY_CHECKS, FOREIGN_KEY_CHECKS=0 */;
/*!40101 SET @OLD_SQL_MODE=@@SQL_MODE, SQL_MODE='NO_AUTO_VALUE_ON_ZERO' */;
/*!40111 SET @OLD_SQL_NOTES=@@SQL_NOTES, SQL_NOTES=0 */;

--
-- Table structure for table `cmn_benutzer`
--

DROP TABLE IF EXISTS `cmn_benutzer`;
/*!40101 SET @saved_cs_client     = @@character_set_client */;
/*!50503 SET character_set_client = utf8mb4 */;
CREATE TABLE `cmn_benutzer` (
  `benutzer_id` int NOT NULL AUTO_INCREMENT COMMENT 'Primärschlüssel des Benutzers',
  `ersteller` varchar(256) COLLATE utf8mb4_unicode_ci NOT NULL DEFAULT 'DATABASE' COMMENT 'Nutzer welcher diesen Eintrag erstellt hat',
  `erstellt_am` timestamp NOT NULL DEFAULT CURRENT_TIMESTAMP COMMENT 'Zeitstempel des Erstellungsdatums',
  `aktualisiert_von` varchar(256) COLLATE utf8mb4_unicode_ci DEFAULT 'DATABASE' COMMENT 'Nutzer welcher diesen EIntrag zuletzt aktualisiert hat',
  `aktualisiert_am` timestamp NULL DEFAULT CURRENT_TIMESTAMP ON UPDATE CURRENT_TIMESTAMP COMMENT 'Zeitstempel des letzten Aktualisierungsdatums',
  `name` varchar(256) COLLATE utf8mb4_unicode_ci NOT NULL COMMENT 'Name des Benutzers',
  `email_adresse` varchar(256) COLLATE utf8mb4_unicode_ci NOT NULL COMMENT 'Email Adresse des Benutzers',
  `passwort` varchar(1024) COLLATE utf8mb4_unicode_ci NOT NULL COMMENT 'Verschlüsseltes Passwort des Benutzers.',
  PRIMARY KEY (`benutzer_id`),
  UNIQUE KEY `idx_cmn_benutzer_unique_email_adresse` (`email_adresse`),
  KEY `idx_cmn_benutzer_name` (`name`)
) ENGINE=InnoDB AUTO_INCREMENT=11 DEFAULT CHARSET=utf8mb4 COLLATE=utf8mb4_unicode_ci COMMENT='Tabelle zum speichern von Daten über Benutzer.';
/*!40101 SET character_set_client = @saved_cs_client */;

--
-- Dumping data for table `cmn_benutzer`
--

LOCK TABLES `cmn_benutzer` WRITE;
/*!40000 ALTER TABLE `cmn_benutzer` DISABLE KEYS */;
INSERT INTO `cmn_benutzer` VALUES (1,'DATABASE','2025-06-30 18:35:58','DATABASE','2025-06-30 18:35:58','Max Mustermann','max.mustermann@test.de','66fa28575d870966f764de961c3af4e0'),(2,'DATABASE','2025-06-30 18:35:58','DATABASE','2025-06-30 18:35:58','Erika Musterfrau','erika.musterfrau@test.de','120e26c9e0c0a5c43a8f631af5b7c199'),(3,'DATABASE','2025-06-30 18:35:58','DATABASE','2025-06-30 18:35:58','Annett Eichmann','annett.eichmann@test.de','5b5f03260fe07f78c543ce47711daa3f'),(4,'DATABASE','2025-06-30 18:35:58','DATABASE','2025-06-30 18:35:58','Sophia Theissen','sophia.theissen@test.de','c531b2edb495f9c814f4608edbf5a646'),(5,'DATABASE','2025-06-30 18:35:58','DATABASE','2025-06-30 18:35:58','Sven Weber','sen.weber@test.de','d6f5fee632b344795393f47f90f54842'),(6,'DATABASE','2025-06-30 18:35:58','DATABASE','2025-06-30 18:35:58','Luca Trommler','luca.trommler@test.de','b6ee6751ddb4f2c085bca4ab5e7f0607'),(7,'DATABASE','2025-06-30 18:35:58','DATABASE','2025-06-30 18:35:58','Daniel Schneider','daniel.schneider@test.de','7616c90f40648d0d32b40573ae0e9244'),(8,'DATABASE','2025-06-30 18:35:58','DATABASE','2025-06-30 18:35:58','Jennifer Hueber','jennifer.hueber@test.de','bca7fc85e03804831b07bf98b5988453'),(9,'DATABASE','2025-06-30 18:35:58','DATABASE','2025-06-30 18:35:58','Diana Kruger','diana.kruger@test.de','3a6b1094f30ed2b8663b55474f463ce0'),(10,'DATABASE','2025-06-30 18:35:58','DATABASE','2025-06-30 18:35:58','Brigitte Lehmann','brigitte.lehmann@test.de','af30600935c3f5a11ea8a7fa49cb7c68');
/*!40000 ALTER TABLE `cmn_benutzer` ENABLE KEYS */;
UNLOCK TABLES;

--
-- Table structure for table `cmn_kontinente`
--

DROP TABLE IF EXISTS `cmn_kontinente`;
/*!40101 SET @saved_cs_client     = @@character_set_client */;
/*!50503 SET character_set_client = utf8mb4 */;
CREATE TABLE `cmn_kontinente` (
  `kontinent_id` int NOT NULL AUTO_INCREMENT COMMENT 'Primärschlüssel des Kontinents',
  `ersteller` varchar(256) COLLATE utf8mb4_unicode_ci NOT NULL DEFAULT 'DATABASE' COMMENT 'Nutzer welcher diesen Eintrag erstellt hat',
  `erstellt_am` timestamp NOT NULL DEFAULT CURRENT_TIMESTAMP COMMENT 'Zeitstempel des Erstellungsdatums',
  `aktualisiert_von` varchar(256) COLLATE utf8mb4_unicode_ci DEFAULT 'DATABASE' COMMENT 'Nutzer welcher diesen EIntrag zuletzt aktualisiert hat',
  `aktualisiert_am` timestamp NULL DEFAULT CURRENT_TIMESTAMP ON UPDATE CURRENT_TIMESTAMP COMMENT 'Zeitstempel des letzten Aktualisierungsdatums',
  `name` varchar(256) COLLATE utf8mb4_unicode_ci NOT NULL COMMENT 'Name des Kontinents',
  PRIMARY KEY (`kontinent_id`),
  KEY `idx_cmn_kontinente_name` (`name`)
) ENGINE=InnoDB AUTO_INCREMENT=15 DEFAULT CHARSET=utf8mb4 COLLATE=utf8mb4_unicode_ci COMMENT='Tabelle zum speichern von Daten über Kontinente.';
/*!40101 SET character_set_client = @saved_cs_client */;

--
-- Dumping data for table `cmn_kontinente`
--

LOCK TABLES `cmn_kontinente` WRITE;
/*!40000 ALTER TABLE `cmn_kontinente` DISABLE KEYS */;
INSERT INTO `cmn_kontinente` VALUES (1,'DATABASE','2025-06-30 17:04:13','DATABASE','2025-06-30 17:04:13','Afrika'),(2,'DATABASE','2025-06-30 17:04:13','DATABASE','2025-06-30 17:04:13','Antarktis'),(3,'DATABASE','2025-06-30 17:04:13','DATABASE','2025-06-30 17:04:13','Asien'),(4,'DATABASE','2025-06-30 17:04:13','DATABASE','2025-06-30 17:04:13','Europa'),(5,'DATABASE','2025-06-30 17:04:13','DATABASE','2025-06-30 17:04:13','Nordamerika'),(6,'DATABASE','2025-06-30 17:04:13','DATABASE','2025-06-30 17:04:13','Australien'),(7,'DATABASE','2025-06-30 17:04:13','DATABASE','2025-06-30 17:04:13','Südamerika'),(8,'DATABASE','2025-06-30 21:53:54','DATABASE','2025-06-30 21:53:54','Afrika'),(9,'DATABASE','2025-06-30 21:53:54','DATABASE','2025-06-30 21:53:54','Antarktis'),(10,'DATABASE','2025-06-30 21:53:54','DATABASE','2025-06-30 21:53:54','Asien'),(11,'DATABASE','2025-06-30 21:53:54','DATABASE','2025-06-30 21:53:54','Europa'),(12,'DATABASE','2025-06-30 21:53:54','DATABASE','2025-06-30 21:53:54','Nordamerika'),(13,'DATABASE','2025-06-30 21:53:54','DATABASE','2025-06-30 21:53:54','Australien'),(14,'DATABASE','2025-06-30 21:53:54','DATABASE','2025-06-30 21:53:54','Südamerika');
/*!40000 ALTER TABLE `cmn_kontinente` ENABLE KEYS */;
UNLOCK TABLES;

--
-- Table structure for table `cmn_laender`
--

DROP TABLE IF EXISTS `cmn_laender`;
/*!40101 SET @saved_cs_client     = @@character_set_client */;
/*!50503 SET character_set_client = utf8mb4 */;
CREATE TABLE `cmn_laender` (
  `land_id` int NOT NULL AUTO_INCREMENT COMMENT 'Primärschlüssel des Landes',
  `ersteller` varchar(256) COLLATE utf8mb4_unicode_ci NOT NULL DEFAULT 'DATABASE' COMMENT 'Nutzer welcher diesen Eintrag erstellt hat',
  `erstellt_am` timestamp NOT NULL DEFAULT CURRENT_TIMESTAMP COMMENT 'Zeitstempel des Erstellungsdatums',
  `aktualisiert_von` varchar(256) COLLATE utf8mb4_unicode_ci DEFAULT 'DATABASE' COMMENT 'Nutzer welcher diesen EIntrag zuletzt aktualisiert hat',
  `aktualisiert_am` timestamp NULL DEFAULT CURRENT_TIMESTAMP ON UPDATE CURRENT_TIMESTAMP COMMENT 'Zeitstempel des letzten Aktualisierungsdatums',
  `name` varchar(50) COLLATE utf8mb4_unicode_ci NOT NULL COMMENT 'Name des Landes',
  `iso_code_2` char(2) COLLATE utf8mb4_unicode_ci NOT NULL COMMENT 'Zweistelliger ISO Code des Landes',
  `kontinent_id` int NOT NULL COMMENT 'Kontinent des Landes',
  `bevoelkerung` bigint NOT NULL COMMENT 'Anzahl der Bevölkerung',
  `land_flaeche_qkm` int NOT NULL COMMENT 'Landesfläche (km²) des Landes',
  `breitengrad` decimal(9,6) NOT NULL COMMENT 'Breitengrad des Landes',
  `laengengrad` decimal(9,6) NOT NULL COMMENT 'Längengrand des Landes',
  PRIMARY KEY (`land_id`),
  UNIQUE KEY `idx_cmn_laender_unique_iso_code_2` (`iso_code_2`),
  KEY `idx_cmn_laender_kontinent_id` (`kontinent_id`),
  KEY `idx_cmn_laender_name` (`name`),
  KEY `idx_cmn_laender_breitengrad` (`breitengrad`),
  KEY `idx_cmn_laender_laengengrad` (`laengengrad`),
  CONSTRAINT `cmn_laender_kontinente_fk` FOREIGN KEY (`kontinent_id`) REFERENCES `cmn_kontinente` (`kontinent_id`) ON DELETE CASCADE ON UPDATE CASCADE
) ENGINE=InnoDB AUTO_INCREMENT=194 DEFAULT CHARSET=utf8mb4 COLLATE=utf8mb4_unicode_ci COMMENT='Tabelle zum speichern von Daten über Länder.';
/*!40101 SET character_set_client = @saved_cs_client */;

--
-- Dumping data for table `cmn_laender`
--

LOCK TABLES `cmn_laender` WRITE;
/*!40000 ALTER TABLE `cmn_laender` DISABLE KEYS */;
INSERT INTO `cmn_laender` VALUES (1,'DATABASE','2025-06-30 17:04:17','DATABASE','2025-06-30 17:04:17','Afghanistan','AF',3,38928346,652230,33.939110,67.709953),(2,'DATABASE','2025-06-30 17:04:17','DATABASE','2025-06-30 17:04:17','Albania','AL',4,2877797,28748,41.153300,20.168300),(3,'DATABASE','2025-06-30 17:04:17','DATABASE','2025-06-30 17:04:17','Algeria','DZ',1,43851044,2381741,28.033900,1.659600),(4,'DATABASE','2025-06-30 17:04:17','DATABASE','2025-06-30 17:04:17','Andorra','AD',4,77265,468,42.506300,1.521800),(5,'DATABASE','2025-06-30 17:04:17','DATABASE','2025-06-30 17:04:17','Angola','AO',1,32866272,1246700,-11.202700,17.873900),(6,'DATABASE','2025-06-30 17:04:17','DATABASE','2025-06-30 17:04:17','Antigua and Barbuda','AG',5,97929,442,17.060800,-61.796400),(7,'DATABASE','2025-06-30 17:04:17','DATABASE','2025-06-30 17:04:17','Argentina','AR',7,45195774,2780400,-38.416100,-63.616700),(8,'DATABASE','2025-06-30 17:04:17','DATABASE','2025-06-30 17:04:17','Armenia','AM',3,2963243,29743,40.069100,45.038200),(9,'DATABASE','2025-06-30 17:04:17','DATABASE','2025-06-30 17:04:17','Australia','AU',6,25687041,7692024,-25.274400,133.775100),(10,'DATABASE','2025-06-30 17:04:17','DATABASE','2025-06-30 17:04:17','Austria','AT',4,9006400,83879,47.516200,14.550100),(11,'DATABASE','2025-06-30 17:04:17','DATABASE','2025-06-30 17:04:17','Azerbaijan','AZ',3,10139177,86600,40.143100,47.576900),(12,'DATABASE','2025-06-30 17:04:17','DATABASE','2025-06-30 17:04:17','Bahamas','BS',5,393244,13943,25.034300,-77.396300),(13,'DATABASE','2025-06-30 17:04:17','DATABASE','2025-06-30 17:04:17','Bahrain','BH',3,1701575,765,26.066700,50.557700),(14,'DATABASE','2025-06-30 17:04:17','DATABASE','2025-06-30 17:04:17','Bangladesh','BD',3,164689383,147570,23.685000,90.356300),(15,'DATABASE','2025-06-30 17:04:17','DATABASE','2025-06-30 17:04:17','Barbados','BB',5,287375,430,13.193900,-59.543200),(16,'DATABASE','2025-06-30 17:04:17','DATABASE','2025-06-30 17:04:17','Belarus','BY',4,9449323,207600,53.709800,27.953400),(17,'DATABASE','2025-06-30 17:04:17','DATABASE','2025-06-30 17:04:17','Belgium','BE',4,11589623,30528,50.503900,4.469900),(18,'DATABASE','2025-06-30 17:04:17','DATABASE','2025-06-30 17:04:17','Belize','BZ',5,397621,22966,17.189900,-88.497600),(19,'DATABASE','2025-06-30 17:04:17','DATABASE','2025-06-30 17:04:17','Benin','BJ',1,12123200,112622,9.307700,2.315800),(20,'DATABASE','2025-06-30 17:04:17','DATABASE','2025-06-30 17:04:17','Bhutan','BT',3,771608,38394,27.514200,90.433600),(21,'DATABASE','2025-06-30 17:04:17','DATABASE','2025-06-30 17:04:17','Bolivia','BO',7,11673021,1098581,-16.290200,-63.588700),(22,'DATABASE','2025-06-30 17:04:17','DATABASE','2025-06-30 17:04:17','Bosnia and Herzegovina','BA',4,3280819,51197,43.915900,17.679100),(23,'DATABASE','2025-06-30 17:04:17','DATABASE','2025-06-30 17:04:17','Botswana','BW',1,2351627,581730,-22.328500,24.684900),(24,'DATABASE','2025-06-30 17:04:17','DATABASE','2025-06-30 17:04:17','Brazil','BR',7,212559417,8515767,-14.235000,-51.925300),(25,'DATABASE','2025-06-30 17:04:17','DATABASE','2025-06-30 17:04:17','Brunei','BN',3,437483,5765,4.535300,114.727700),(26,'DATABASE','2025-06-30 17:04:17','DATABASE','2025-06-30 17:04:17','Bulgaria','BG',4,6948445,110879,42.733900,25.485800),(27,'DATABASE','2025-06-30 17:04:17','DATABASE','2025-06-30 17:04:17','Burkina Faso','BF',1,20903273,272967,12.238300,-1.561600),(28,'DATABASE','2025-06-30 17:04:17','DATABASE','2025-06-30 17:04:17','Burundi','BI',1,11890784,27834,-3.373100,29.918900),(29,'DATABASE','2025-06-30 17:04:17','DATABASE','2025-06-30 17:04:17','Cabo Verde','CV',1,555987,4033,16.538800,-23.041800),(30,'DATABASE','2025-06-30 17:04:17','DATABASE','2025-06-30 17:04:17','Cambodia','KH',3,16718965,181035,12.565700,104.991000),(31,'DATABASE','2025-06-30 17:04:17','DATABASE','2025-06-30 17:04:17','Cameroon','CM',1,26545863,475442,7.369700,12.354700),(32,'DATABASE','2025-06-30 17:04:17','DATABASE','2025-06-30 17:04:17','Canada','CA',5,37742154,9984670,56.130400,-106.346800),(33,'DATABASE','2025-06-30 17:04:17','DATABASE','2025-06-30 17:04:17','Central African Republic','CF',1,4829767,622984,6.611100,20.939400),(34,'DATABASE','2025-06-30 17:04:17','DATABASE','2025-06-30 17:04:17','Chad','TD',1,16425864,1284000,15.454200,18.732200),(35,'DATABASE','2025-06-30 17:04:17','DATABASE','2025-06-30 17:04:17','Chile','CL',7,19116201,756102,-35.675100,-71.543000),(36,'DATABASE','2025-06-30 17:04:17','DATABASE','2025-06-30 17:04:17','China','CN',3,1439323776,9596961,35.861700,104.195400),(37,'DATABASE','2025-06-30 17:04:17','DATABASE','2025-06-30 17:04:17','Colombia','CO',7,50882891,1141748,4.570900,-74.297300),(38,'DATABASE','2025-06-30 17:04:17','DATABASE','2025-06-30 17:04:17','Comoros','KM',1,869601,1862,-11.645500,43.333300),(39,'DATABASE','2025-06-30 17:04:17','DATABASE','2025-06-30 17:04:17','Congo (Congo-Brazzaville)','CG',1,5518087,342000,-0.228000,15.827700),(40,'DATABASE','2025-06-30 17:04:17','DATABASE','2025-06-30 17:04:17','Costa Rica','CR',5,5094118,51100,9.748900,-83.753400),(41,'DATABASE','2025-06-30 17:04:17','DATABASE','2025-06-30 17:04:17','Croatia','HR',4,4105267,56594,45.100000,15.200000),(42,'DATABASE','2025-06-30 17:04:17','DATABASE','2025-06-30 17:04:17','Cuba','CU',5,11326616,109884,21.521800,-77.781200),(43,'DATABASE','2025-06-30 17:04:17','DATABASE','2025-06-30 17:04:17','Cyprus','CY',3,1207359,9251,35.126400,33.429900),(44,'DATABASE','2025-06-30 17:04:17','DATABASE','2025-06-30 17:04:17','Czechia (Czech Republic)','CZ',4,10708981,78865,49.817500,15.473000),(45,'DATABASE','2025-06-30 17:04:17','DATABASE','2025-06-30 17:04:17','Democratic Republic of the Congo','CD',1,89561403,2344858,-4.038300,21.758700),(46,'DATABASE','2025-06-30 17:04:17','DATABASE','2025-06-30 17:04:17','Denmark','DK',4,5818553,43094,56.263900,9.501800),(47,'DATABASE','2025-06-30 17:04:18','DATABASE','2025-06-30 17:04:18','Djibouti','DJ',1,988000,23200,11.825100,42.590300),(48,'DATABASE','2025-06-30 17:04:18','DATABASE','2025-06-30 17:04:18','Dominica','DM',5,71991,751,15.415000,-61.371000),(49,'DATABASE','2025-06-30 17:04:18','DATABASE','2025-06-30 17:04:18','Dominican Republic','DO',5,10847910,48671,18.735700,-70.162700),(50,'DATABASE','2025-06-30 17:04:18','DATABASE','2025-06-30 17:04:18','Ecuador','EC',7,17643054,283561,-1.831200,-78.183400),(51,'DATABASE','2025-06-30 17:04:18','DATABASE','2025-06-30 17:04:18','Egypt','EG',1,102334404,1002450,26.820600,30.802500),(52,'DATABASE','2025-06-30 17:04:18','DATABASE','2025-06-30 17:04:18','El Salvador','SV',5,6486201,21041,13.794200,-88.896500),(53,'DATABASE','2025-06-30 17:04:18','DATABASE','2025-06-30 17:04:18','Equatorial Guinea','GQ',1,1402985,28051,1.650800,10.267900),(54,'DATABASE','2025-06-30 17:04:18','DATABASE','2025-06-30 17:04:18','Eritrea','ER',1,3546421,117600,15.179400,39.782300),(55,'DATABASE','2025-06-30 17:04:18','DATABASE','2025-06-30 17:04:18','Estonia','EE',4,1326535,45227,58.595300,25.013600),(56,'DATABASE','2025-06-30 17:04:18','DATABASE','2025-06-30 17:04:18','Eswatini (fmr. Swaziland)','SZ',1,1160164,17364,-26.522500,31.465900),(57,'DATABASE','2025-06-30 17:04:18','DATABASE','2025-06-30 17:04:18','Ethiopia','ET',1,114963588,1104300,9.145000,40.489700),(58,'DATABASE','2025-06-30 17:04:18','DATABASE','2025-06-30 17:04:18','Fiji','FJ',6,896445,18274,-17.713400,178.065000),(59,'DATABASE','2025-06-30 17:04:18','DATABASE','2025-06-30 17:04:18','Finland','FI',4,5540720,338424,61.924100,25.748200),(60,'DATABASE','2025-06-30 17:04:18','DATABASE','2025-06-30 17:04:18','France','FR',4,65273511,551695,46.603400,1.888300),(61,'DATABASE','2025-06-30 17:04:18','DATABASE','2025-06-30 17:04:18','Gabon','GA',1,2225734,267668,-0.803700,11.609400),(62,'DATABASE','2025-06-30 17:04:18','DATABASE','2025-06-30 17:04:18','Gambia','GM',1,2416668,11295,13.443200,-15.310100),(63,'DATABASE','2025-06-30 17:04:18','DATABASE','2025-06-30 17:04:18','Georgia','GE',3,3989167,69700,42.315400,43.356900),(64,'DATABASE','2025-06-30 17:04:18','DATABASE','2025-06-30 17:04:18','Germany','DE',4,83783942,357022,51.165700,10.451500),(65,'DATABASE','2025-06-30 17:04:18','DATABASE','2025-06-30 17:04:18','Ghana','GH',1,31072940,238533,7.946500,-1.023200),(66,'DATABASE','2025-06-30 17:04:18','DATABASE','2025-06-30 17:04:18','Greece','GR',4,10423054,131957,39.074200,21.824300),(67,'DATABASE','2025-06-30 17:04:18','DATABASE','2025-06-30 17:04:18','Grenada','GD',5,112523,344,12.116500,-61.679000),(68,'DATABASE','2025-06-30 17:04:18','DATABASE','2025-06-30 17:04:18','Guatemala','GT',5,17915568,108889,15.783500,-90.230800),(69,'DATABASE','2025-06-30 17:04:18','DATABASE','2025-06-30 17:04:18','Guinea','GN',1,13132795,245857,9.945600,-9.696600),(70,'DATABASE','2025-06-30 17:04:18','DATABASE','2025-06-30 17:04:18','Guinea-Bissau','GW',1,1968001,36125,11.803700,-15.180400),(71,'DATABASE','2025-06-30 17:04:18','DATABASE','2025-06-30 17:04:18','Guyana','GY',7,786552,214969,4.860400,-58.930200),(72,'DATABASE','2025-06-30 17:04:18','DATABASE','2025-06-30 17:04:18','Haiti','HT',5,11402528,27750,18.971200,-72.285200),(73,'DATABASE','2025-06-30 17:04:18','DATABASE','2025-06-30 17:04:18','Honduras','HN',5,9904607,112492,15.200000,-86.241900),(74,'DATABASE','2025-06-30 17:04:18','DATABASE','2025-06-30 17:04:18','Hungary','HU',4,9660351,93028,47.162500,19.503300),(75,'DATABASE','2025-06-30 17:04:18','DATABASE','2025-06-30 17:04:18','Iceland','IS',4,343599,103000,64.963100,-19.020800),(76,'DATABASE','2025-06-30 17:04:18','DATABASE','2025-06-30 17:04:18','India','IN',3,1380004385,3287263,20.593700,78.962900),(77,'DATABASE','2025-06-30 17:04:18','DATABASE','2025-06-30 17:04:18','Indonesia','ID',3,273523615,1904569,-0.789300,113.921300),(78,'DATABASE','2025-06-30 17:04:18','DATABASE','2025-06-30 17:04:18','Iran','IR',3,83992949,1648195,32.427900,53.688000),(79,'DATABASE','2025-06-30 17:04:18','DATABASE','2025-06-30 17:04:18','Iraq','IQ',3,40222493,438317,33.223200,43.679300),(80,'DATABASE','2025-06-30 17:04:18','DATABASE','2025-06-30 17:04:18','Ireland','IE',4,4937786,70273,53.412900,-8.243900),(81,'DATABASE','2025-06-30 17:04:18','DATABASE','2025-06-30 17:04:18','Israel','IL',3,8655535,20770,31.046100,34.851600),(82,'DATABASE','2025-06-30 17:04:18','DATABASE','2025-06-30 17:04:18','Italy','IT',4,60244639,301340,41.871900,12.567400),(83,'DATABASE','2025-06-30 17:04:18','DATABASE','2025-06-30 17:04:18','Jamaica','JM',5,2961167,10991,18.109600,-77.297500),(84,'DATABASE','2025-06-30 17:04:18','DATABASE','2025-06-30 17:04:18','Japan','JP',3,126476461,377975,36.204800,138.252900),(85,'DATABASE','2025-06-30 17:04:18','DATABASE','2025-06-30 17:04:18','Jordan','JO',3,10203134,89342,30.585200,36.238400),(86,'DATABASE','2025-06-30 17:04:18','DATABASE','2025-06-30 17:04:18','Kazakhstan','KZ',3,18776707,2724900,48.019600,66.923700),(87,'DATABASE','2025-06-30 17:04:18','DATABASE','2025-06-30 17:04:18','Kenya','KE',1,53771296,580367,-0.023600,37.906200),(88,'DATABASE','2025-06-30 17:04:18','DATABASE','2025-06-30 17:04:18','Kiribati','KI',6,119449,811,-3.370400,-168.734000),(89,'DATABASE','2025-06-30 17:04:18','DATABASE','2025-06-30 17:04:18','Kuwait','KW',3,4270571,17818,29.311700,47.481800),(90,'DATABASE','2025-06-30 17:04:18','DATABASE','2025-06-30 17:04:18','Kyrgyzstan','KG',3,6524195,199951,41.204400,74.766100),(91,'DATABASE','2025-06-30 17:04:18','DATABASE','2025-06-30 17:04:18','Laos','LA',3,7275560,236800,19.856300,102.495500),(92,'DATABASE','2025-06-30 17:04:18','DATABASE','2025-06-30 17:04:18','Latvia','LV',4,1886198,64559,56.879600,24.603200),(93,'DATABASE','2025-06-30 17:04:18','DATABASE','2025-06-30 17:04:18','Lebanon','LB',3,6825445,10452,33.854700,35.862300),(94,'DATABASE','2025-06-30 17:04:18','DATABASE','2025-06-30 17:04:18','Lesotho','LS',1,2142249,30355,-29.609900,28.233600),(95,'DATABASE','2025-06-30 17:04:18','DATABASE','2025-06-30 17:04:18','Liberia','LR',1,5057681,111369,6.428100,-9.429500),(96,'DATABASE','2025-06-30 17:04:18','DATABASE','2025-06-30 17:04:18','Libya','LY',1,6871292,1759540,26.335100,17.228300),(97,'DATABASE','2025-06-30 17:04:18','DATABASE','2025-06-30 17:04:18','Liechtenstein','LI',4,38128,160,47.166000,9.555400),(98,'DATABASE','2025-06-30 17:04:18','DATABASE','2025-06-30 17:04:18','Lithuania','LT',4,2722289,65300,55.169400,23.881300),(99,'DATABASE','2025-06-30 17:04:18','DATABASE','2025-06-30 17:04:18','Luxembourg','LU',4,634814,2586,49.815300,6.129600),(100,'DATABASE','2025-06-30 17:04:18','DATABASE','2025-06-30 17:04:18','Madagascar','MG',1,27691018,587041,-18.766900,46.869100),(101,'DATABASE','2025-06-30 17:04:18','DATABASE','2025-06-30 17:04:18','Malawi','MW',1,19129952,118484,-13.254300,34.301500),(102,'DATABASE','2025-06-30 17:04:18','DATABASE','2025-06-30 17:04:18','Malaysia','MY',3,32365999,330803,4.210500,101.975800),(103,'DATABASE','2025-06-30 17:04:18','DATABASE','2025-06-30 17:04:18','Maldives','MV',3,540542,298,3.202800,73.220700),(104,'DATABASE','2025-06-30 17:04:18','DATABASE','2025-06-30 17:04:18','Mali','ML',1,20250833,1240192,17.570700,-3.996200),(105,'DATABASE','2025-06-30 17:04:18','DATABASE','2025-06-30 17:04:18','Malta','MT',4,514564,316,35.937500,14.375400),(106,'DATABASE','2025-06-30 17:04:18','DATABASE','2025-06-30 17:04:18','Marshall Islands','MH',6,59190,181,7.131500,171.184500),(107,'DATABASE','2025-06-30 17:04:18','DATABASE','2025-06-30 17:04:18','Mauritania','MR',1,4649658,1030700,21.007900,-10.940800),(108,'DATABASE','2025-06-30 17:04:18','DATABASE','2025-06-30 17:04:18','Mauritius','MU',1,1271768,2040,-20.348400,57.552200),(109,'DATABASE','2025-06-30 17:04:18','DATABASE','2025-06-30 17:04:18','Mexico','MX',5,128932753,1964375,23.634500,-102.552800),(110,'DATABASE','2025-06-30 17:04:18','DATABASE','2025-06-30 17:04:18','Micronesia','FM',6,115021,702,7.425600,150.550800),(111,'DATABASE','2025-06-30 17:04:18','DATABASE','2025-06-30 17:04:18','Moldova','MD',4,2657637,33846,47.411600,28.369900),(112,'DATABASE','2025-06-30 17:04:18','DATABASE','2025-06-30 17:04:18','Monaco','MC',4,39242,2,43.738400,7.424600),(113,'DATABASE','2025-06-30 17:04:18','DATABASE','2025-06-30 17:04:18','Mongolia','MN',3,3278290,1564110,46.862500,103.846700),(114,'DATABASE','2025-06-30 17:04:18','DATABASE','2025-06-30 17:04:18','Montenegro','ME',4,622359,13812,42.708700,19.374400),(115,'DATABASE','2025-06-30 17:04:18','DATABASE','2025-06-30 17:04:18','Morocco','MA',1,36910560,446550,31.791700,-7.092600),(116,'DATABASE','2025-06-30 17:04:18','DATABASE','2025-06-30 17:04:18','Mozambique','MZ',1,31255435,801590,-18.665700,35.529600),(117,'DATABASE','2025-06-30 17:04:19','DATABASE','2025-06-30 17:04:19','Myanmar (formerly Burma)','MM',3,54409800,676578,21.913900,95.956000),(118,'DATABASE','2025-06-30 17:04:19','DATABASE','2025-06-30 17:04:19','Namibia','NA',1,2540905,825615,-22.957600,18.490400),(119,'DATABASE','2025-06-30 17:04:19','DATABASE','2025-06-30 17:04:19','Nauru','NR',6,10834,21,-0.522800,166.931000),(120,'DATABASE','2025-06-30 17:04:19','DATABASE','2025-06-30 17:04:19','Nepal','NP',3,29136808,147181,28.394900,84.124000),(121,'DATABASE','2025-06-30 17:04:19','DATABASE','2025-06-30 17:04:19','Netherlands','NL',4,17134872,41850,52.132600,5.291300),(122,'DATABASE','2025-06-30 17:04:19','DATABASE','2025-06-30 17:04:19','New Zealand','NZ',6,5084300,268021,-40.900600,174.886000),(123,'DATABASE','2025-06-30 17:04:19','DATABASE','2025-06-30 17:04:19','Nicaragua','NI',5,6624554,130375,12.865400,-85.207200),(124,'DATABASE','2025-06-30 17:04:19','DATABASE','2025-06-30 17:04:19','Niger','NE',1,24206644,1267000,17.607800,8.081700),(125,'DATABASE','2025-06-30 17:04:19','DATABASE','2025-06-30 17:04:19','Nigeria','NG',1,211400708,923768,9.082000,8.675300),(126,'DATABASE','2025-06-30 17:04:19','DATABASE','2025-06-30 17:04:19','North Macedonia','MK',4,2083459,25713,41.608500,21.745300),(127,'DATABASE','2025-06-30 17:04:19','DATABASE','2025-06-30 17:04:19','Norway','NO',4,5421241,148729,60.472000,8.468900),(128,'DATABASE','2025-06-30 17:04:19','DATABASE','2025-06-30 17:04:19','Oman','OM',3,5106626,309500,21.512600,55.923300),(129,'DATABASE','2025-06-30 17:04:19','DATABASE','2025-06-30 17:04:19','Pakistan','PK',3,225199937,881913,30.375300,69.345100),(130,'DATABASE','2025-06-30 17:04:19','DATABASE','2025-06-30 17:04:19','Palau','PW',6,18008,459,7.514900,134.582800),(131,'DATABASE','2025-06-30 17:04:19','DATABASE','2025-06-30 17:04:19','Panama','PA',5,4314768,75417,8.982400,-79.520400),(132,'DATABASE','2025-06-30 17:04:19','DATABASE','2025-06-30 17:04:19','Papua New Guinea','PG',6,8947027,462840,-6.314900,143.955600),(133,'DATABASE','2025-06-30 17:04:19','DATABASE','2025-06-30 17:04:19','Paraguay','PY',5,7132530,406750,-23.442000,-58.443800),(134,'DATABASE','2025-06-30 17:04:19','DATABASE','2025-06-30 17:04:19','Peru','PE',7,32971854,1285216,-9.190000,-75.015200),(135,'DATABASE','2025-06-30 17:04:19','DATABASE','2025-06-30 17:04:19','Philippines','PH',3,109581078,300000,12.879700,121.774000),(136,'DATABASE','2025-06-30 17:04:19','DATABASE','2025-06-30 17:04:19','Poland','PL',4,38386000,312679,51.919400,19.145100),(137,'DATABASE','2025-06-30 17:04:19','DATABASE','2025-06-30 17:04:19','Portugal','PT',4,10196709,92090,39.399900,-8.224500),(138,'DATABASE','2025-06-30 17:04:19','DATABASE','2025-06-30 17:04:19','Qatar','QA',3,288105,11571,25.276700,51.520100),(139,'DATABASE','2025-06-30 17:04:19','DATABASE','2025-06-30 17:04:19','Romania','RO',4,19237691,238397,45.943200,24.966800),(140,'DATABASE','2025-06-30 17:04:19','DATABASE','2025-06-30 17:04:19','Russia','RU',4,145912025,17098242,61.524000,105.318800),(141,'DATABASE','2025-06-30 17:04:19','DATABASE','2025-06-30 17:04:19','Rwanda','RW',1,12952218,26338,-1.940300,29.873900),(142,'DATABASE','2025-06-30 17:04:19','DATABASE','2025-06-30 17:04:19','Saint Kitts and Nevis','KN',5,53192,261,17.357800,-62.782000),(143,'DATABASE','2025-06-30 17:04:19','DATABASE','2025-06-30 17:04:19','Saint Lucia','LC',5,183627,616,13.909400,-60.978900),(144,'DATABASE','2025-06-30 17:04:19','DATABASE','2025-06-30 17:04:19','Saint Vincent and the Grenadines','VC',5,110947,389,12.984300,-61.287200),(145,'DATABASE','2025-06-30 17:04:19','DATABASE','2025-06-30 17:04:19','Samoa','WS',6,198414,2842,-13.759000,-172.104600),(146,'DATABASE','2025-06-30 17:04:19','DATABASE','2025-06-30 17:04:19','San Marino','SM',4,33931,61,43.933300,12.450000),(147,'DATABASE','2025-06-30 17:04:19','DATABASE','2025-06-30 17:04:19','Sao Tome and Principe','ST',1,219159,964,0.186400,6.613100),(148,'DATABASE','2025-06-30 17:04:19','DATABASE','2025-06-30 17:04:19','Saudi Arabia','SA',3,34813871,2149690,23.885900,45.079200),(149,'DATABASE','2025-06-30 17:04:19','DATABASE','2025-06-30 17:04:19','Senegal','SN',1,16743927,196722,14.692800,-14.006400),(150,'DATABASE','2025-06-30 17:04:19','DATABASE','2025-06-30 17:04:19','Serbia','RS',4,8770039,77474,44.016500,21.005900),(151,'DATABASE','2025-06-30 17:04:19','DATABASE','2025-06-30 17:04:19','Seychelles','SC',1,98347,459,-4.679600,55.491600),(152,'DATABASE','2025-06-30 17:04:19','DATABASE','2025-06-30 17:04:19','Sierra Leone','SL',1,7976983,71740,8.460600,-11.779900),(153,'DATABASE','2025-06-30 17:04:19','DATABASE','2025-06-30 17:04:19','Singapore','SG',3,5685807,719,1.352100,103.819800),(154,'DATABASE','2025-06-30 17:04:19','DATABASE','2025-06-30 17:04:19','Slovakia','SK',4,5456362,49035,48.669000,19.699000),(155,'DATABASE','2025-06-30 17:04:19','DATABASE','2025-06-30 17:04:19','Slovenia','SI',4,2078654,20273,46.151200,14.995500),(156,'DATABASE','2025-06-30 17:04:19','DATABASE','2025-06-30 17:04:19','Solomon Islands','SB',6,652858,28450,-9.645700,160.027800),(157,'DATABASE','2025-06-30 17:04:19','DATABASE','2025-06-30 17:04:19','Somalia','SO',1,15893222,637657,5.152100,46.199600),(158,'DATABASE','2025-06-30 17:04:19','DATABASE','2025-06-30 17:04:19','South Africa','ZA',1,59308690,1219090,-30.559500,22.937500),(159,'DATABASE','2025-06-30 17:04:19','DATABASE','2025-06-30 17:04:19','South Sudan','SS',1,11126208,619745,6.876900,31.306400),(160,'DATABASE','2025-06-30 17:04:19','DATABASE','2025-06-30 17:04:19','Spain','ES',4,46754783,505992,40.463700,-3.749200),(161,'DATABASE','2025-06-30 17:04:19','DATABASE','2025-06-30 17:04:19','Sri Lanka','LK',3,21413249,65610,7.873100,80.771800),(162,'DATABASE','2025-06-30 17:04:19','DATABASE','2025-06-30 17:04:19','Sudan','SD',1,45303915,1861484,12.862800,30.217600),(163,'DATABASE','2025-06-30 17:04:19','DATABASE','2025-06-30 17:04:19','Suriname','SR',5,618040,163820,3.919300,-56.027800),(164,'DATABASE','2025-06-30 17:04:19','DATABASE','2025-06-30 17:04:19','Sweden','SE',4,10379295,450295,60.128200,18.643500),(165,'DATABASE','2025-06-30 17:04:19','DATABASE','2025-06-30 17:04:19','Switzerland','CH',4,8577318,41285,46.818200,8.227500),(166,'DATABASE','2025-06-30 17:04:19','DATABASE','2025-06-30 17:04:19','Syria','SY',3,17500657,185180,34.802100,38.996800),(167,'DATABASE','2025-06-30 17:04:19','DATABASE','2025-06-30 17:04:19','Taiwan','TW',3,23516207,36193,23.697800,120.960500),(168,'DATABASE','2025-06-30 17:04:19','DATABASE','2025-06-30 17:04:19','Tajikistan','TJ',3,9537645,143100,38.861000,71.276100),(169,'DATABASE','2025-06-30 17:04:19','DATABASE','2025-06-30 17:04:19','Tanzania','TZ',1,59734218,945087,-6.369000,34.888800),(170,'DATABASE','2025-06-30 17:04:19','DATABASE','2025-06-30 17:04:19','Thailand','TH',3,69799978,513120,15.870000,100.992500),(171,'DATABASE','2025-06-30 17:04:19','DATABASE','2025-06-30 17:04:19','Timor-Leste','TL',3,1318447,15007,-8.874200,125.727500),(172,'DATABASE','2025-06-30 17:04:19','DATABASE','2025-06-30 17:04:19','Togo','TG',1,8278724,56785,8.619500,0.824800),(173,'DATABASE','2025-06-30 17:04:19','DATABASE','2025-06-30 17:04:19','Tonga','TO',6,100651,747,-21.178900,-175.198200),(174,'DATABASE','2025-06-30 17:04:19','DATABASE','2025-06-30 17:04:19','Trinidad and Tobago','TT',5,1399491,5128,10.691800,-61.222500),(175,'DATABASE','2025-06-30 17:04:19','DATABASE','2025-06-30 17:04:19','Tunisia','TN',1,11818619,163610,33.886900,9.537500),(176,'DATABASE','2025-06-30 17:04:19','DATABASE','2025-06-30 17:04:19','Turkey','TR',3,87349107,783562,38.963700,35.243300),(177,'DATABASE','2025-06-30 17:04:19','DATABASE','2025-06-30 17:04:19','Turkmenistan','TM',3,6031200,488100,38.969700,59.556100),(178,'DATABASE','2025-06-30 17:04:19','DATABASE','2025-06-30 17:04:19','Tuvalu','TV',6,11700,26,-7.109500,179.194500),(179,'DATABASE','2025-06-30 17:04:19','DATABASE','2025-06-30 17:04:19','Uganda','UG',1,45741007,241038,1.373300,32.290300),(180,'DATABASE','2025-06-30 17:04:19','DATABASE','2025-06-30 17:04:19','Ukraine','UA',4,43733759,603500,48.379400,31.165600),(181,'DATABASE','2025-06-30 17:04:19','DATABASE','2025-06-30 17:04:19','United Arab Emirates','AE',3,9890400,83600,23.424100,53.847800),(182,'DATABASE','2025-06-30 17:04:19','DATABASE','2025-06-30 17:04:19','United Kingdom','GB',4,68207114,243610,55.378100,-3.436000),(183,'DATABASE','2025-06-30 17:04:19','DATABASE','2025-06-30 17:04:19','United States','US',5,331002651,9372610,37.090200,-95.712900),(184,'DATABASE','2025-06-30 17:04:19','DATABASE','2025-06-30 17:04:19','Uruguay','UY',5,3473730,176215,-32.522800,-55.765800),(185,'DATABASE','2025-06-30 17:04:19','DATABASE','2025-06-30 17:04:19','Uzbekistan','UZ',3,33469203,447400,41.377500,64.585300),(186,'DATABASE','2025-06-30 17:04:19','DATABASE','2025-06-30 17:04:19','Vanuatu','VU',6,307150,12189,-15.376700,166.959200),(187,'DATABASE','2025-06-30 17:04:19','DATABASE','2025-06-30 17:04:19','Vatican City','VA',4,800,0,41.902900,12.453400),(188,'DATABASE','2025-06-30 17:04:19','DATABASE','2025-06-30 17:04:19','Venezuela','VE',5,28435943,916445,6.423800,-66.589700),(189,'DATABASE','2025-06-30 17:04:20','DATABASE','2025-06-30 17:04:20','Vietnam','VN',3,97338579,331210,14.058300,108.277200),(190,'DATABASE','2025-06-30 17:04:20','DATABASE','2025-06-30 17:04:20','Yemen','YE',3,29825968,527968,15.552400,48.516400),(191,'DATABASE','2025-06-30 17:04:20','DATABASE','2025-06-30 17:04:20','Zambia','ZM',1,18383958,752612,-13.133900,27.849300),(192,'DATABASE','2025-06-30 17:04:20','DATABASE','2025-06-30 17:04:20','Zimbabwe','ZW',1,14862924,390757,-19.015400,29.154900);
/*!40000 ALTER TABLE `cmn_laender` ENABLE KEYS */;
UNLOCK TABLES;

--
-- Table structure for table `data_benutzer_spiele`
--

DROP TABLE IF EXISTS `data_benutzer_spiele`;
/*!40101 SET @saved_cs_client     = @@character_set_client */;
/*!50503 SET character_set_client = utf8mb4 */;
CREATE TABLE `data_benutzer_spiele` (
  `benutzer_spiel_id` int NOT NULL AUTO_INCREMENT COMMENT 'Primärschlüssel des Spiels',
  `ersteller` varchar(256) COLLATE utf8mb4_unicode_ci NOT NULL DEFAULT 'DATABASE' COMMENT 'Nutzer welcher diesen Eintrag erstellt hat',
  `erstellt_am` timestamp NOT NULL DEFAULT CURRENT_TIMESTAMP COMMENT 'Zeitstempel des Erstellungsdatums',
  `aktualisiert_von` varchar(256) COLLATE utf8mb4_unicode_ci DEFAULT 'DATABASE' COMMENT 'Nutzer welcher diesen EIntrag zuletzt aktualisiert hat',
  `aktualisiert_am` timestamp NULL DEFAULT CURRENT_TIMESTAMP ON UPDATE CURRENT_TIMESTAMP COMMENT 'Zeitstempel des letzten Aktualisierungsdatums',
  `quartett_karten_thema_id` int DEFAULT NULL COMMENT 'Quartett Karten Thema Id des Spiels. Fremschlüssel von data_quartett_karten_themen',
  `spieler_1_id` int NOT NULL COMMENT 'Spieler 1 Id des Spiels. Fremdschlüssel von cmn_benutzer',
  `spieler_2_id` int NOT NULL COMMENT 'Spieler 2 Id des Spiels. Fremdschlüssel von cmn_benutzer',
  `spieler_3_id` int NOT NULL COMMENT 'Spieler 3 Id des Spiels. Fremdschlüssel von cmn_benutzer',
  `spieler_4_id` int NOT NULL COMMENT 'Spieler 4 Id des Spiels. Fremdschlüssel von cmn_benutzer',
  `gewinner_id` int NOT NULL COMMENT 'Spieler 5 Id des Spiels. Fremdschlüssel von cmn_benutzer',
  PRIMARY KEY (`benutzer_spiel_id`),
  KEY `data_benutzer_spiele_quartett_karten_themen_fk` (`quartett_karten_thema_id`),
  KEY `data_benutzer_spiele_benutzer_spieler_1_fk` (`spieler_1_id`),
  KEY `data_benutzer_spiele_benutzer_spieler_2_fk` (`spieler_2_id`),
  KEY `data_benutzer_spiele_benutzer_spieler_§_fk` (`spieler_3_id`),
  KEY `data_benutzer_spiele_benutzer_spieler_4_fk` (`spieler_4_id`),
  KEY `data_benutzer_spiele_benutzer_gewinner_id_fk` (`gewinner_id`),
  CONSTRAINT `data_benutzer_spiele_benutzer_gewinner_id_fk` FOREIGN KEY (`gewinner_id`) REFERENCES `cmn_benutzer` (`benutzer_id`) ON DELETE CASCADE ON UPDATE CASCADE,
  CONSTRAINT `data_benutzer_spiele_benutzer_spieler_1_fk` FOREIGN KEY (`spieler_1_id`) REFERENCES `cmn_benutzer` (`benutzer_id`) ON DELETE CASCADE ON UPDATE CASCADE,
  CONSTRAINT `data_benutzer_spiele_benutzer_spieler_2_fk` FOREIGN KEY (`spieler_2_id`) REFERENCES `cmn_benutzer` (`benutzer_id`) ON DELETE CASCADE ON UPDATE CASCADE,
  CONSTRAINT `data_benutzer_spiele_benutzer_spieler_4_fk` FOREIGN KEY (`spieler_4_id`) REFERENCES `cmn_benutzer` (`benutzer_id`) ON DELETE CASCADE ON UPDATE CASCADE,
  CONSTRAINT `data_benutzer_spiele_benutzer_spieler_§_fk` FOREIGN KEY (`spieler_3_id`) REFERENCES `cmn_benutzer` (`benutzer_id`) ON DELETE CASCADE ON UPDATE CASCADE,
  CONSTRAINT `data_benutzer_spiele_quartett_karten_themen_fk` FOREIGN KEY (`quartett_karten_thema_id`) REFERENCES `data_quartett_karten_themen` (`quartett_karten_thema_id`) ON DELETE SET NULL ON UPDATE CASCADE
) ENGINE=InnoDB AUTO_INCREMENT=11 DEFAULT CHARSET=utf8mb4 COLLATE=utf8mb4_unicode_ci COMMENT='Tabelle zum speichern von Daten über Benutzer.';
/*!40101 SET character_set_client = @saved_cs_client */;

--
-- Dumping data for table `data_benutzer_spiele`
--

LOCK TABLES `data_benutzer_spiele` WRITE;
/*!40000 ALTER TABLE `data_benutzer_spiele` DISABLE KEYS */;
INSERT INTO `data_benutzer_spiele` VALUES (1,'DATABASE','2025-06-30 21:53:48','DATABASE','2025-06-30 21:53:48',1,3,1,8,5,3),(2,'DATABASE','2025-06-30 21:53:48','DATABASE','2025-06-30 21:53:48',1,2,4,6,9,4),(3,'DATABASE','2025-06-30 21:53:48','DATABASE','2025-06-30 21:53:48',1,5,7,3,1,5),(4,'DATABASE','2025-06-30 21:53:48','DATABASE','2025-06-30 21:53:48',1,6,2,8,4,6),(5,'DATABASE','2025-06-30 21:53:48','DATABASE','2025-06-30 21:53:48',1,1,3,5,7,7),(6,'DATABASE','2025-06-30 21:53:48','DATABASE','2025-06-30 21:53:48',1,9,2,4,6,9),(7,'DATABASE','2025-06-30 21:53:48','DATABASE','2025-06-30 21:53:48',1,8,5,3,2,2),(8,'DATABASE','2025-06-30 21:53:48','DATABASE','2025-06-30 21:53:48',1,7,4,1,9,1),(9,'DATABASE','2025-06-30 21:53:48','DATABASE','2025-06-30 21:53:48',1,2,6,8,3,8),(10,'DATABASE','2025-06-30 21:53:48','DATABASE','2025-06-30 21:53:48',1,4,1,7,5,5);
/*!40000 ALTER TABLE `data_benutzer_spiele` ENABLE KEYS */;
UNLOCK TABLES;

--
-- Table structure for table `data_motorrad_baureihen`
--

DROP TABLE IF EXISTS `data_motorrad_baureihen`;
/*!40101 SET @saved_cs_client     = @@character_set_client */;
/*!50503 SET character_set_client = utf8mb4 */;
CREATE TABLE `data_motorrad_baureihen` (
  `motorrad_baureihe_id` int NOT NULL AUTO_INCREMENT COMMENT 'Primärschlüssel der Motorrad Baureihe',
  `ersteller` varchar(256) COLLATE utf8mb4_unicode_ci NOT NULL DEFAULT 'DATABASE' COMMENT 'Nutzer welcher diesen Eintrag erstellt hat',
  `erstellt_am` timestamp NOT NULL DEFAULT CURRENT_TIMESTAMP COMMENT 'Zeitstempel des Erstellungsdatums',
  `aktualisiert_von` varchar(256) COLLATE utf8mb4_unicode_ci DEFAULT 'DATABASE' COMMENT 'Nutzer welcher diesen EIntrag zuletzt aktualisiert hat',
  `aktualisiert_am` timestamp NULL DEFAULT CURRENT_TIMESTAMP ON UPDATE CURRENT_TIMESTAMP COMMENT 'Zeitstempel des letzten Aktualisierungsdatums',
  `motorrad_hersteller_id` int NOT NULL COMMENT 'Id des Herstellers der Baureihe. Fremdschlüssel von data_motorrad_hersteller',
  `bezeichnung` varchar(256) COLLATE utf8mb4_unicode_ci NOT NULL COMMENT 'Bezeichnung der Motorrad Baureihe',
  `beschreibung` text COLLATE utf8mb4_unicode_ci NOT NULL COMMENT 'Beschreibung der Motorrad Baureihe',
  `motorytyp` varchar(64) COLLATE utf8mb4_unicode_ci NOT NULL COMMENT 'Motortyp der Motorrad Baureihe',
  `hubraum_ccm` int NOT NULL COMMENT 'Hubraum der Motorrad Baureihe',
  `baujahr_beginn` int DEFAULT NULL COMMENT 'Baurjahr beginn der Motorrad Baureihe',
  `baujahr_ende` int DEFAULT NULL COMMENT 'Baurjahr ende der Motorrad Baureihe',
  `vorgaenger_id` int DEFAULT NULL COMMENT 'Nachfolger der Motorrad Baureihe. Fremdschlüssel von data_motorrad_baureihen',
  PRIMARY KEY (`motorrad_baureihe_id`),
  KEY `data_motorrad_baureihen_motorrad_hersteller_fk` (`motorrad_hersteller_id`),
  KEY `idx_data_motorrad_baureihen_bezeichnung` (`bezeichnung`),
  KEY `idx_data_motorrad_baureihen_motorytyp` (`motorytyp`),
  KEY `idx_data_motorrad_baureihen_hubraum_ccm` (`hubraum_ccm`),
  KEY `idx_data_motorrad_baureihen_baujahr_beginn` (`baujahr_beginn`),
  KEY `idx_data_motorrad_baureihen_baujahr_ende` (`baujahr_ende`),
  KEY `idx_data_motorrad_baureihen_vorgaenger_id` (`vorgaenger_id`),
  CONSTRAINT `data_motorrad_baureihen_motorrad_hersteller_fk` FOREIGN KEY (`motorrad_hersteller_id`) REFERENCES `data_motorrad_hersteller` (`motorrad_hersteller_id`) ON DELETE CASCADE ON UPDATE CASCADE,
  CONSTRAINT `data_motorrad_baureihen_vorgaenger_id_fk` FOREIGN KEY (`vorgaenger_id`) REFERENCES `data_motorrad_baureihen` (`motorrad_baureihe_id`) ON DELETE CASCADE ON UPDATE CASCADE
) ENGINE=InnoDB AUTO_INCREMENT=23 DEFAULT CHARSET=utf8mb4 COLLATE=utf8mb4_unicode_ci COMMENT='Tabelle zum speichern von Daten über Motorrad Baureihen.';
/*!40101 SET character_set_client = @saved_cs_client */;

--
-- Dumping data for table `data_motorrad_baureihen`
--

LOCK TABLES `data_motorrad_baureihen` WRITE;
/*!40000 ALTER TABLE `data_motorrad_baureihen` DISABLE KEYS */;
INSERT INTO `data_motorrad_baureihen` VALUES (1,'DATABASE','2025-06-30 17:07:43','DATABASE','2025-06-30 17:07:43',1,'Texas Chopper','','V2',1840,NULL,NULL,NULL),(2,'DATABASE','2025-06-30 17:07:43','DATABASE','2025-06-30 17:07:43',2,'RSV4','Die RSV4 ist das Superbike von Aprilia und bietet das ultimative Aprilia Rennerlebnis. Sie ist für die Straße zugelassen und mit 220 PS die stärkste ihrer Kategorie. Dank der fortschrittlichen Aerodynamik und des Fahrwerks, dem Ergebnis jahrelanger Entwicklung, kann die gesamte Leistung mit millimetergenauer Stabilität und Kontrolle genutzt werden.  Sie ist die Königin des Asphalts, aber auf der Rennstrecke kommt ihre wahre Natur zum Vorschein.','V4',1099,2009,NULL,NULL),(3,'DATABASE','2025-06-30 17:07:43','DATABASE','2025-06-30 17:07:43',2,'RSV4 Factory','Die Aprilia RSV4 Factory ist das leistungsstärkste, bestausgestattete und extremste Superbike aller Zeiten und bringt Leistung und Technologie an die Spitze der Kategorie. Der stärkste homologierte 220 PS Motor der Welt, die voll ausgestattete a-PRC (Aprilia Performance Ride Control) Elektronik, das premium Öhlins Smart EC 2.0 Fahrwerk, das atemberaubende Design und die im Windkanal entwickelte funktionale Aerodynamik sorgen für ein kompromissloses Fahrerlebnis. ','V4',1099,2009,NULL,NULL),(4,'DATABASE','2025-06-30 17:07:43','DATABASE','2025-06-30 17:07:43',2,'Tuono V4 APRC','Übersicht mit KI Die Aprilia Tuono V4 APRC ist ein Naked Bike, das für seine aggressive Leistung und fortschrittliche Elektronik bekannt ist. Sie basiert auf der Aprilia RSV4, einem Superbike, und bietet ein aufrechtes Fahrerlebnis mit Rennsport-Feeling. Herzstück ist der 65-Grad-V4-Motor, der mit seinen 167 PS und 111 Nm Drehmoment für ordentlich Vortrieb sorgt.','V4',999,2001,2014,NULL),(5,'DATABASE','2025-06-30 17:07:43','DATABASE','2025-06-30 17:07:43',2,'Tuono V4 1100','Die Aprilia Tuono V4 kombiniert sportliche Performance mit außergewöhnlicher Fahrbarkeit auf der Straße. Noch entschlossener und vielseitiger als je zuvor, überzeugt sie mit ihrem 180 PS starken V4-Motor der Euro-5+-Norm, einer Ergonomie, die sofort Vertrauen schafft, einem Design mit integrierten Winglets für mehr Stabilität und einem individuell anpassbaren a-PRC-Elektronikpaket.','V4',1077,2015,NULL,4),(6,'DATABASE','2025-06-30 17:07:43','DATABASE','2025-06-30 17:07:43',3,'S-Baureihe','Alle S-Maschinen haben einen Vierzylinder-Reihenmotor und vier Ventile pro Zylinder. Sie sind auf extreme Sportlichkeit gezüchtet und als Tourenmotorräder mangels Gepäckmöglichkeiten fast nicht zu nutzen. Ihr Revier ist das anspruchsvolle Landstraßen-Fahren und die Rennstrecke.','V4',999,2009,NULL,NULL),(7,'DATABASE','2025-06-30 17:07:43','DATABASE','2025-06-30 17:07:43',5,'Panigale V4S','Form und Funktion verschmelzen zu einem neuen Level an Performance - weit über die bloße Summe moderner Technologien hinaus. Die neue Panigale V4 ist das Serienmotorrad, das der MotoGP am nächsten kommt. Mit technischen Lösungen direkt aus der Weltmeisterklasse bringt sie ein Fahrerlebnis auf die Straße, das dem der Profis erstaunlich nahekommt.','V4',1103,2018,NULL,NULL),(8,'DATABASE','2025-06-30 17:07:43','DATABASE','2025-06-30 17:07:43',6,'Sportster S','Das Herz der Sportster® S ist der mächtige, leistungsstarke Revolution® Max 1250T Motor, der mit 90 kW bei 7500 U/min und 125 Nm Drehmoment für Begeisterung sorgt. Mit elektronischer Fahrerassistenz, optimiertem Handling und niedrigem Gewicht dreht sich bei dieser Sportster der nächsten Generation alles um Performance anstatt um Zurückhaltung.','V2',1252,2021,NULL,NULL),(9,'DATABASE','2025-06-30 17:07:43','DATABASE','2025-06-30 17:07:43',7,'CBR 900 RR','Der Name Fireblade steht für eine ganze Motorrad-Baureihe, welche 1992 mit der CBR 900 RR Fireblade begründet wurde. Seit 2004 hat sich der Name hubraumbedingt in CBR 1000 RR Fireblade geändert, wobei Honda die Verkaufsbezeichnung in Deutschland mittlerweile auf Fireblade reduziert hat.','R4',899,1992,2004,NULL),(10,'DATABASE','2025-06-30 17:07:43','DATABASE','2025-06-30 17:07:43',7,'CBR 1000 RR','Kein Zweifel, die Heimat der CBR1000RR-R Fireblade SP ist die Rennstrecke. Sie startet in der gleichen Klasse wie die normale Fireblade, unterscheidet sich von dieser jedoch durch Öhlins Smart Electronic Control (S-EC)-Fahrwerk, den Brembo-Hauptzylinder, den Bremshebel, die vorderen und hinteren Bremssättel und den serienmäßigen Quickshifter. Der Motor mit „Semi-Cam“-Nockenwellenantrieb zeichnet sich durch eine in dieser Klasse unerreichte Spitzenleistung von 160 kW aus und sorgt jetzt im unteren und mittleren Drehzahlbereich für ein noch höhere Beschleunigung. Auch die HSTC-Traktionskontrolle (Honda Selectable Torque Control) wurde überarbeitet. Die mit einer Lichtanlage, Blinkern und SMART Key ausgestattete Fireblade SP ist uneingeschränkt straßenzugelassen - und trotzdem ein ultimatives Rennmotorrad. Eines, das den Adrenalinspiegel in jeder Kurve in die Höhe schnellen lässt.','R4',998,2004,NULL,10),(11,'DATABASE','2025-06-30 17:07:43','DATABASE','2025-06-30 17:07:43',8,'701','Die starke 701 Supermoto mit 1-Zylinder-Motor bringt reinen Supermoto-Geist auf die Straße und bietet unübertroffene Leistung auf dem Asphalt. Federleicht, perfekt ausbalanciert und mit den neuesten elektronischen Fahrerassistenzfunktionen ausgestattet lässt sich dieses Motorrad umfangreich individualisieren und ermutigt zu längeren Reisen. Mit ihrer charakteristischen schwarz-grauen Optik fällt die 701 Supermoto auf jeder Straße auf.','1-Zylinder 4- Takt',692,2016,NULL,NULL),(12,'DATABASE','2025-06-30 17:07:43','DATABASE','2025-06-30 17:07:43',9,'Ninja H2R','Der Name Ninja begründete im Superbike-Bereich einen Mythos, der bei der Ninja H2R noch radikaler umgesetzt wurde. Brachiale Beschleunigung sowie noch nie dagewesene Dynamik und Agilität wurden unter anderem durch einen Kawasaki-Kompressor-Motor verwirklicht, der die H2R in neue Leistungsdimensionen vorstoßen lässt. Weitere Features: Öhlins-Fahrwerk, Blipper (Schaltautomat hoch/runter), Kurven-Management und Schräglagensensor.','R4',998,2014,NULL,NULL),(13,'DATABASE','2025-06-30 17:07:43','DATABASE','2025-06-30 17:07:43',10,'RC 8C','Die KTM RC 8C hat einen einzigen, einfachen Zweck: Orange Dominanz auf die Rennstrecke zu bringen. Als maßgeschneiderte, kompromisslose Rennmaschine ist die KTM RC 8C auf die besonderen Fahrerinnen und Fahrer ausgerichtet, die mit dem Ellenbogen den Boden aufwirbeln. Das Motorrad ist auf 100 Stück limitiert und ein echter READY TO RACE-Prototyp, gemacht, um Rundenrekorde zu brechen.','R2',889,2021,NULL,NULL),(14,'DATABASE','2025-06-30 17:07:43','DATABASE','2025-06-30 17:07:43',11,'F4 1000S','Die MV Agusta F4 ist eine Serie von Supersportmotorrädern, die für ihr markantes Design und ihre leistungsstarken Motoren bekannt ist. Die F4-Reihe zeichnet sich durch einen wassergekühlten Reihenvierzylinder-Motor mit radial angeordneten Ventilen, elektronischer Mehrpunkteinspritzung und verschiedenen Hubraumvarianten (750 cm³, 998 cm³, 1078 cm³) aus. Die Modelle der F4-Serie, wie die F4 750 S, F4 1000 S, F4 RR und F4 R, bieten eine Kombination aus sportlicher Leistung und exklusivem Design, oft mit hochwertigen Komponenten wie Öhlins Federung und Brembo Bremsen.','R4',998,1999,2018,NULL),(15,'DATABASE','2025-06-30 17:07:43','DATABASE','2025-06-30 17:07:43',11,'F3','Die MV Agusta F3 ist eine Supersport-Motorrad-Baureihe des italienischen Herstellers MV Agusta, bekannt für ihren dreizylindrigen Reihenmotor und ihr sportliches Design. Die F3 wurde erstmals 2012 eingeführt und markierte die Rückkehr von MV Agusta zu Dreizylinder-Motorrädern in Serie, nach den legendären Rennmaschinen der 1970er Jahre.','R3',798,2012,2019,NULL),(16,'DATABASE','2025-06-30 17:07:43','DATABASE','2025-06-30 17:07:43',11,'F3 Competizione','Die MV Agusta F3 Competizione (2025) ist ein Supersportmotorrad mit einem 798 ccm Reihen-Dreizylinder-Motor, der 160 PS leistet. Sie verfügt über eine fortschrittliche Elektronik, einschließlich ABS mit Kurvenfunktion, Traktionskontrolle und verschiedenen Fahrmodi. Das Äußere ist mit Carbon-Verkleidungselementen und kleinen Winglets ausgestattet, die bei hoher Geschwindigkeit für Abtrieb sorgen.','R3',798,2025,NULL,16),(17,'DATABASE','2025-06-30 17:07:43','DATABASE','2025-06-30 17:07:43',12,'GSX S1000','Die neue GSX-S1000 ist die Verkörperung eines Naked Bikes: herausragende Leistung, rennerprobte Technologie und packendes Handling in einem kompromisslosen Streetfighter-Design.','R4',999,2015,NULL,NULL),(18,'DATABASE','2025-06-30 17:07:43','DATABASE','2025-06-30 17:07:43',12,'Hayabusa','Die Suzuki Hayabusa ist ein Supersport-Motorrad, bekannt für ihre beeindruckende Leistung und aerodynamische Form. Angetrieben von einem 1340 cm³ Vierzylinder-Motor, liefert sie 190 PS und 150 Nm Drehmoment. Die Hayabusa ist mit fortschrittlichen Technologien wie Kurven-ABS und Traktionskontrolle ausgestattet, die für optimale Kontrolle und Stabilität sorgen. Ihr Design ist nicht nur ästhetisch ansprechend, sondern auch aerodynamisch optimiert für hohe Geschwindigkeiten.','R4',1299,1999,2007,NULL),(19,'DATABASE','2025-06-30 17:07:43','DATABASE','2025-06-30 17:07:43',12,'Hayabusa','Die Suzuki Hayabusa ist ein Supersport-Motorrad, bekannt für ihre beeindruckende Leistung und aerodynamische Form. Angetrieben von einem 1340 cm³ Vierzylinder-Motor, liefert sie 190 PS und 150 Nm Drehmoment. Die Hayabusa ist mit fortschrittlichen Technologien wie Kurven-ABS und Traktionskontrolle ausgestattet, die für optimale Kontrolle und Stabilität sorgen. Ihr Design ist nicht nur ästhetisch ansprechend, sondern auch aerodynamisch optimiert für hohe Geschwindigkeiten.','R4',1340,2008,2020,18),(20,'DATABASE','2025-06-30 17:07:43','DATABASE','2025-06-30 17:07:43',12,'Hayabusa','Die Suzuki Hayabusa ist ein Supersport-Motorrad, bekannt für ihre beeindruckende Leistung und aerodynamische Form. Angetrieben von einem 1340 cm³ Vierzylinder-Motor, liefert sie 190 PS und 150 Nm Drehmoment. Die Hayabusa ist mit fortschrittlichen Technologien wie Kurven-ABS und Traktionskontrolle ausgestattet, die für optimale Kontrolle und Stabilität sorgen. Ihr Design ist nicht nur ästhetisch ansprechend, sondern auch aerodynamisch optimiert für hohe Geschwindigkeiten.','R4',1340,2021,NULL,19),(21,'DATABASE','2025-06-30 17:07:43','DATABASE','2025-06-30 17:07:43',13,'Speed Tripple 1200','Die Triumph Speed Triple 1200 ist ein Naked-Sportmotorrad, das für seine unübertroffene Leistung, sein messerscharfes Handling und fortschrittliche Technologie bekannt ist. Sie ist mit einem 1.160 cm³ Dreizylindermotor ausgestattet, der 183 PS und 125 Nm Drehmoment liefert. Die Speed Triple 1200 ist für ihre atemberaubende Beschleunigung und präzise Kontrolle bekannt, was sie zu einem aufregenden Fahrerlebnis macht.','R3',1160,2021,NULL,NULL),(22,'DATABASE','2025-06-30 17:07:43','DATABASE','2025-06-30 17:07:43',14,'R1','Die Yamaha YZF-R1, oft kurz R1 genannt, ist ein Supersportler-Motorrad von Yamaha, das seit vielen Jahren produziert wird und regelmäßig aktualisiert wird. Es ist bekannt für seinen leistungsstarken 998 cm³ Vierzylindermotor mit Crossplane-Kurbelwelle und unregelmäßiger Zündfolge, was eine kraftvolle und lineare Drehmomententfaltung ermöglicht. Die aktuelle Version verfügt über sieben einstellbare elektronische Assistenzsysteme und eine Ride-by-Wire-Drosselklappensteuerung.','DOHC4',998,1998,NULL,NULL);
/*!40000 ALTER TABLE `data_motorrad_baureihen` ENABLE KEYS */;
UNLOCK TABLES;

--
-- Table structure for table `data_motorrad_hersteller`
--

DROP TABLE IF EXISTS `data_motorrad_hersteller`;
/*!40101 SET @saved_cs_client     = @@character_set_client */;
/*!50503 SET character_set_client = utf8mb4 */;
CREATE TABLE `data_motorrad_hersteller` (
  `motorrad_hersteller_id` int NOT NULL AUTO_INCREMENT COMMENT 'Primärschlüssel des Herstellers',
  `ersteller` varchar(256) COLLATE utf8mb4_unicode_ci NOT NULL DEFAULT 'DATABASE' COMMENT 'Nutzer welcher diesen Eintrag erstellt hat',
  `erstellt_am` timestamp NOT NULL DEFAULT CURRENT_TIMESTAMP COMMENT 'Zeitstempel des Erstellungsdatums',
  `aktualisiert_von` varchar(256) COLLATE utf8mb4_unicode_ci DEFAULT 'DATABASE' COMMENT 'Nutzer welcher diesen EIntrag zuletzt aktualisiert hat',
  `aktualisiert_am` timestamp NULL DEFAULT CURRENT_TIMESTAMP ON UPDATE CURRENT_TIMESTAMP COMMENT 'Zeitstempel des letzten Aktualisierungsdatums',
  `name` varchar(256) COLLATE utf8mb4_unicode_ci NOT NULL COMMENT 'Name des Herstellers',
  `beschreibung` text COLLATE utf8mb4_unicode_ci NOT NULL COMMENT 'Beschreibung des Herstellers',
  `herkunftsland_id` int NOT NULL COMMENT 'Herkunfsland Id des Herstellers. Fremdschlüssel von cmn_laender',
  `gruendungsjahr` int DEFAULT NULL COMMENT 'Gründungsjahr des Herstellers',
  `aktiv` char(1) COLLATE utf8mb4_unicode_ci NOT NULL COMMENT 'Aktivität des Herstellers. (J = Ja, N = Nein)',
  `logo` blob COMMENT 'Logo des Herstellers',
  `logo_mime_type` varchar(16) COLLATE utf8mb4_unicode_ci DEFAULT NULL COMMENT 'Mime type des Logos des Herstellers. Erlaubt sind JPG und PNG',
  PRIMARY KEY (`motorrad_hersteller_id`),
  UNIQUE KEY `idx_data_motorrad_hersteller_unique_name` (`name`),
  KEY `idx_data_motorrad_hersteller_herkunftsland_id` (`herkunftsland_id`),
  KEY `idx_data_motorrad_hersteller_gruendungsjahr` (`gruendungsjahr`),
  CONSTRAINT `data_motorrad_hersteller_laender_fk` FOREIGN KEY (`herkunftsland_id`) REFERENCES `cmn_laender` (`land_id`) ON DELETE CASCADE ON UPDATE CASCADE
) ENGINE=InnoDB AUTO_INCREMENT=16 DEFAULT CHARSET=utf8mb4 COLLATE=utf8mb4_unicode_ci COMMENT='Tabelle zum speichern von Daten über Motorrad Hersteller.';
/*!40101 SET character_set_client = @saved_cs_client */;

--
-- Dumping data for table `data_motorrad_hersteller`
--

LOCK TABLES `data_motorrad_hersteller` WRITE;
/*!40000 ALTER TABLE `data_motorrad_hersteller` DISABLE KEYS */;
INSERT INTO `data_motorrad_hersteller` VALUES (1,'DATABASE','2025-06-30 17:04:34','DATABASE','2025-06-30 17:04:34','American IronHorse','American IronHorse (AIH) war ein von 1995 bis 2008 aktiver US-amerikanischer Custombike-Hersteller.',183,1995,'N',NULL,NULL),(2,'DATABASE','2025-06-30 17:04:34','DATABASE','2025-06-30 17:04:34','Aprilia','Aprilia ist ein italienischer Motorrad- und Motorrollerhersteller mit Sitz in Noale. Das Unternehmen gehört heute zum Piaggio-Konzern, welchem unter anderem auch die Motorradhersteller Moto Guzzi, Gilera und Laverda angehören.',82,1945,'J',NULL,NULL),(3,'DATABASE','2025-06-30 17:04:34','DATABASE','2025-06-30 17:04:34','BMW','Das Unternehmen wurde am 7. März 1916 als Bayerische Flugzeugwerke (BFW) in München gegründet und konzentrierte sich ursprünglich auf die Herstellung von Flugmotoren. Am 21. Juli 1917 wurde das Unternehmen dann in Bayerische Motoren Werke GmbH umbenannt, 1918 erfolgte die Umfirmierung zur Bayerische Motoren Werke Aktiengesellschaft. Seit 1923 stellt das Unternehmen auch Motorräder her. 1928 kam die Automobilherstellung hinzu. Heute trägt das Segment Motorräder rund 2 % zum Umsatz und Ergebnis des Unternehmens bei.',64,1917,'J',NULL,NULL),(4,'DATABASE','2025-06-30 17:04:34','DATABASE','2025-06-30 17:04:34','Cobra','',36,NULL,'J',NULL,NULL),(5,'DATABASE','2025-06-30 17:04:34','DATABASE','2025-06-30 17:04:34','Ducati','Die Ducati Motor Holding S.p.A. ist ein italienischer Motorradhersteller mit Sitz in Bologna; Ducati ist seit 2012 Teil des Volkswagen-Konzerns. Zum 1. Januar 2024 waren in Deutschland 110.262 Ducati-Krafträder zum Straßenverkehr zugelassen, was einem Anteil von 2,2 Prozent entspricht.',82,1926,'J',NULL,NULL),(6,'DATABASE','2025-06-30 17:04:34','DATABASE','2025-06-30 17:04:34','Harley-Davidson','Harley-Davidson Inc., gegründet 1903 als Harley-Davidson Motor Co., ist ein börsennotiertes US-amerikanisches Unternehmen (NYSE: HOG) mit Sitz in Milwaukee, Wisconsin. Es ist für seine typischen Motorräder bekannt. Der Marke Harley-Davidson wurde in Motorradfahrer-Kreisen vielfach ein Kultstatus zugeschrieben.',183,1903,'J',NULL,NULL),(7,'DATABASE','2025-06-30 17:04:34','DATABASE','2025-06-30 17:04:34','Honda','Honda (japanisch 本田技研工業株式会社, Honda Giken Kōgyō Kabushiki-gaisha, deutsch „Honda Forschung und Industrie“, englisch Honda Motor Co., Ltd.), gelistet im Nikkei 225, ist ein japanischer Konzern, der Automobile, Motorräder, Außenbordmotoren, Mikro-Kraft-Wärme-Kopplungs-Anlagen und Motorgeräte für den Weltmarkt entwickelt, fertigt und vermarktet. Die Tochterfirma Honda Aircraft Company baut außerdem auch ein Geschäftsreiseflugzeug.',84,1948,'J',NULL,NULL),(8,'DATABASE','2025-06-30 17:04:34','DATABASE','2025-06-30 17:04:34','Husqvarna Motorcycles','Die Husqvarna Motorcycles GmbH ist ein Motorradhersteller mit Sitz im österreichischen Mattighofen. Die Marke war ursprünglich ein Produktionszweig des schwedischen Husqvarna-Konzerns. Nach wechselnden Besitzern ab 1987 gehört Husqvarna Motorcycles seit 2013 zum österreichischen Hersteller Pierer Mobility.',164,1903,'J',NULL,NULL),(9,'DATABASE','2025-06-30 17:04:34','DATABASE','2025-06-30 17:04:34','Kawasaki','Das Unternehmen Kawasaki Heavy Industries (kurz Kawasaki, Abkürzung KHI; jap. 川崎重工業株式会社 Kawasaki Jūkōgyō Kabushiki-gaisha) ist ein japanischer Schwerindustrie-Konzern, gelistet im Nikkei 225. Der Hauptsitz befindet sich in Kōbe, Hyōgo, Japan.',84,1966,'J',NULL,NULL),(10,'DATABASE','2025-06-30 17:04:34','DATABASE','2025-06-30 17:04:34','KTM','Die Pierer Mobility AG (Eigenschreibweise PIERER Mobility AG, bis 2019 KTM Industries AG) ist ein börsennotierter österreichischer Motorrad- und Sportwagenhersteller mit u. a. der Marke KTM. Nachdem KTM zunächst geländegängige Motorräder (Enduro und Motocross) herstellte, fertigt das Unternehmen seit einigen Jahren in ähnlicher Stückzahl auch sportliche Straßenmotorräder; neben der Marke KTM sind Motorräder und E-Bikes der Marken Husqvarna Motorcycles, GasGas und MV Agusta im Programm. Das Unternehmen ist seit 2012 der größte Motorradhersteller Europas. Es ging aus einer Reihe von Umstrukturierungen hervor, die nach der Insolvenz des Vorgängerunternehmens, der 1934 gegründeten KTM Motor-Fahrzeugbau KG, erfolgten. Die Motorradproduktion reicht bis 1953 zurück.',10,1954,'J',NULL,NULL),(11,'DATABASE','2025-06-30 17:04:34','DATABASE','2025-06-30 17:04:34','MV Agusta','Die MV Agusta Motor S.p.A. ist ein 1945 gegründeter italienischer Motorradhersteller. Die Abkürzung MV steht für Meccanica (Mechanik) Verghera, einem Ortsteil von Samarate, in dem die ersten Maschinen produziert wurden. Der heutige Hauptsitz und die Hauptproduktionsanlagen befinden sich in Varese. Agusta bezieht sich auf den Gründer, Graf Domenico Agusta (1907–1971). Das Unternehmen produzierte sowohl Gebrauchsmotorräder für den Alltag als auch exklusive Modelle in Kleinserien. Der Name ist stark mit dem Motorradsport verbunden: In der Weltmeisterschaft gewann das Werksteam Reparto Corse von 1952 bis 1974 insgesamt 75 Weltmeistertitel (38 Fahrer und 37 Hersteller) und war damit der erfolgreichste europäische Motorradhersteller. 1977 stellte MV Agusta auf Grund finanzieller Probleme die Produktion von Motorrädern ein. Die letzten Jahre bis zum endgültigen Aus 1980 wurden nur noch Ersatzteile zur Gewährleistung von Garantieansprüchen für bereits verkaufte Maschinen hergestellt. 1992 erfolgte der Neubeginn unter dem bisherigen Markennamen MV Agusta durch die Castiglioni-Gruppe (Cagiva).',82,1945,'J',NULL,NULL),(12,'DATABASE','2025-06-30 17:04:34','DATABASE','2025-06-30 17:04:34','Suzuki','Das Unternehmen Suzuki K.K. (japanisch スズキ株式会社, Suzuki kabushiki-gaisha; englisch Suzuki Motor Corporation), gelistet im Nikkei 225, ist ein japanischer Hersteller von Motorrädern, Autos und Außenbordmotoren. Suzuki ist nach Honda der größte Exporteur von Motorrädern weltweit. Die deutsche Vertriebsgesellschaft von Suzuki hat ihren Sitz in Bensheim.',84,1909,'J',NULL,NULL),(13,'DATABASE','2025-06-30 17:04:34','DATABASE','2025-06-30 17:04:34','Triumph','Triumph Motorcycles Ltd. ist der Name eines Kraftfahrzeugherstellers im Ort Hinckley in Großbritannien. Die Triumph Motorcycles Ltd. stellt hauptsächlich Motorräder her, mehrheitlich unter dem Markennamen Triumph. Ihre bekannteste Baureihe ist die Triumph Bonneville. Sie geht auf das Jahr 1955 zurück und gilt heute als einer der Klassiker der englischen Motorradgeschichte.',184,1884,'J',NULL,NULL),(14,'DATABASE','2025-06-30 17:04:34','DATABASE','2025-06-30 17:04:34','Yamaha','Die Yamaha Hatsudōki K.K. (japanisch ヤマハ発動機株式会社, Yamaha Hatsudōki kabushiki-gaisha; engl. Yamaha Motor Company, Ltd.) ist ein japanisches Unternehmen mit Hauptsitz in Iwata, Japan. Der Mischkonzern stellt im Geschäftsbereich Mobilität Motorräder, Quads und Motoren (insbesondere Bootsmotoren) her. Die Industriesparte des Unternehmens produziert und vertreibt Generatoren, Pumpen, Roboter, SMT-Bestückungsautomaten, Drohnen, Anlagen zur Wasseraufbereitung, Schwimmbecken und weitere Produkte.',84,1955,'J',NULL,NULL),(15,'DATABASE','2025-06-30 20:50:07','DATABASE','2025-06-30 20:50:07','Royal Enfield','Royal Enfield ist ein indischer Motorradhersteller und zugleich die älteste noch produzierte Motorradmarke der Welt. Das 1955 in seiner heutigen Form gebildete Unternehmen ist aus dem gleichnamigen britischen Motorradhersteller hervorgegangen, der auch Automobile und Gewehre produzierte. Seit 1994 gehört das Unternehmen als Tochtergesellschaft zum indischen Konzern Eicher.',76,1901,'J',NULL,NULL);
/*!40000 ALTER TABLE `data_motorrad_hersteller` ENABLE KEYS */;
UNLOCK TABLES;

--
-- Table structure for table `data_motorrad_kategorien`
--

DROP TABLE IF EXISTS `data_motorrad_kategorien`;
/*!40101 SET @saved_cs_client     = @@character_set_client */;
/*!50503 SET character_set_client = utf8mb4 */;
CREATE TABLE `data_motorrad_kategorien` (
  `motorrad_kategorie_id` int NOT NULL AUTO_INCREMENT COMMENT 'Primärschlüssel der Motorrad Kategorie',
  `ersteller` varchar(256) COLLATE utf8mb4_unicode_ci NOT NULL DEFAULT 'DATABASE' COMMENT 'Nutzer welcher diesen Eintrag erstellt hat',
  `erstellt_am` timestamp NOT NULL DEFAULT CURRENT_TIMESTAMP COMMENT 'Zeitstempel des Erstellungsdatums',
  `aktualisiert_von` varchar(256) COLLATE utf8mb4_unicode_ci DEFAULT 'DATABASE' COMMENT 'Nutzer welcher diesen EIntrag zuletzt aktualisiert hat',
  `aktualisiert_am` timestamp NULL DEFAULT CURRENT_TIMESTAMP ON UPDATE CURRENT_TIMESTAMP COMMENT 'Zeitstempel des letzten Aktualisierungsdatums',
  `name` varchar(256) COLLATE utf8mb4_unicode_ci NOT NULL COMMENT 'Name der Motorrad Kategorie',
  `beschreibung` text COLLATE utf8mb4_unicode_ci NOT NULL COMMENT 'Beschreibung der Motorrad Kategorie',
  PRIMARY KEY (`motorrad_kategorie_id`),
  KEY `idx_data_motorrad_kategorien_name` (`name`)
) ENGINE=InnoDB AUTO_INCREMENT=14 DEFAULT CHARSET=utf8mb4 COLLATE=utf8mb4_unicode_ci COMMENT='Tabelle zum speichern von Daten über Motorrad Kategorien.';
/*!40101 SET character_set_client = @saved_cs_client */;

--
-- Dumping data for table `data_motorrad_kategorien`
--

LOCK TABLES `data_motorrad_kategorien` WRITE;
/*!40000 ALTER TABLE `data_motorrad_kategorien` DISABLE KEYS */;
INSERT INTO `data_motorrad_kategorien` VALUES (1,'DATABASE','2025-06-30 17:04:29','DATABASE','2025-06-30 17:04:29','Supersportler','Supersportler sind leistungsstarke Motorräder, die für Höchstgeschwindigkeiten und Rennstreckenoptimierung entwickelt wurden. Sie zeichnen sich durch aggressives Design, niedriges Gewicht und hohe Motorleistung aus.'),(2,'DATABASE','2025-06-30 17:04:29','DATABASE','2025-06-30 17:04:29','Enduro','Enduros sind vielseitige Geländemotorräder, die sowohl auf der Straße als auch im Gelände gut funktionieren. Sie haben robuste Reifen, eine aufrechte Sitzposition und sind ideal für Abenteuerfahrten abseits der Straße.'),(3,'DATABASE','2025-06-30 17:04:29','DATABASE','2025-06-30 17:04:29','Streetfighter','Streetfighter sind entkernte Sportmotorräder mit betont aggressivem Styling. Sie bieten leistungsstarke Motoren, aber ohne Verkleidung und mit aufrechter Sitzposition. Streetfighter sind für urbane Umgebungen und schnelle Straßenfahrten konzipiert.'),(4,'DATABASE','2025-06-30 17:04:29','DATABASE','2025-06-30 17:04:29','Sporttourer','Sporttourer kombinieren sportliche Leistung mit komfortabler Tourentauglichkeit. Sie haben eine aufrechte Sitzposition, Verkleidungen für Windschutz und oft umfangreiche Ausstattung für lange Strecken.'),(5,'DATABASE','2025-06-30 17:04:29','DATABASE','2025-06-30 17:04:29','Cruiser','Cruiser zeichnen sich durch entspannte Sitzpositionen, tief liegende Rahmen und lässiges Design aus. Sie sind ideal für gemütliche Fahrten und bieten oft V2-Motoren für ein entspanntes Fahrerlebnis.'),(6,'DATABASE','2025-06-30 17:04:29','DATABASE','2025-06-30 17:04:29','Naked Bike','Naked Bikes sind minimalistische Straßenmotorräder ohne Verkleidung. Sie bieten eine aufrechte Sitzposition und sind ideal für Pendler und Fahrer, die ein einfaches, aber leistungsstarkes Motorrad suchen.'),(7,'DATABASE','2025-06-30 17:04:29','DATABASE','2025-06-30 17:04:29','Adventure Bike','Adventure Bikes sind für Langstreckenabenteuer auf und abseits der Straße ausgelegt. Sie haben robuste Bauweise, aufrechte Sitzpositionen, große Tanks und sind mit Gepäckträgern ausgestattet.'),(8,'DATABASE','2025-06-30 17:04:29','DATABASE','2025-06-30 17:04:29','Supermoto','Supermotos kombinieren Eigenschaften von Straßen- und Motocross-Motorrädern. Sie haben leichte Rahmen, Straßenreifen mit Profil und sind ideal für sportliches Fahren auf verschiedenen Oberflächen.'),(9,'DATABASE','2025-06-30 17:04:29','DATABASE','2025-06-30 17:04:29','Tourer','Tourer sind auf Komfort und Langstreckentauglichkeit ausgelegt. Sie haben eine entspannte Sitzposition, Windschutz, oft umfangreiche Ausstattung und sind perfekt für ausgedehnte Touren und Reisen.'),(10,'DATABASE','2025-06-30 17:04:29','DATABASE','2025-06-30 17:04:29','Chopper','Chopper sind speziell gestaltete Cruiser mit verlängerten Vorderrädern, tiefen Sitzpositionen und auffälligem Design.'),(11,'DATABASE','2025-06-30 17:04:29','DATABASE','2025-06-30 17:04:29','Grand American Touring','Grand American Touring ist eine Kategorie von Harley-Davidson Motorrädern, die für lange Strecken und komfortables Reisen konzipiert ist. Diese Modelle zeichnen sich durch ihren kräftigen Milwaukee-Eight V-Twin Motor, komfortable Federung, geräumige Koffer und fortschrittliche Infotainmentsysteme aus. Sie bieten eine Mischung aus Leistung, Komfort und Stil für ausgedehnte Touren.'),(12,'DATABASE','2025-06-30 17:04:29','DATABASE','2025-06-30 17:04:29','Trikes','Ein Motorrad-Trike ist ein dreirädriges Kraftfahrzeug, das Elemente von Motorrädern und Autos kombiniert. Es verfügt in der Regel über ein einzelnes Vorderrad und zwei Hinterräder, die eine größere Stabilität als bei einem herkömmlichen Motorrad bieten.'),(13,'DATABASE','2025-06-30 17:04:29','DATABASE','2025-06-30 17:04:29','Ultimate Sport Bike','Die \"Ultimate Sportbike\"-Kategorie steht für das Extremste, was der Straßen- und Rennsportbereich zu bieten hat. Diese Motorräder sind leistungsoptimiert, aerodynamisch designt und technologisch hochentwickelt – gebaut für maximale Geschwindigkeit, Beschleunigung und Kurvenperformance.');
/*!40000 ALTER TABLE `data_motorrad_kategorien` ENABLE KEYS */;
UNLOCK TABLES;

--
-- Table structure for table `data_motorraeder`
--

DROP TABLE IF EXISTS `data_motorraeder`;
/*!40101 SET @saved_cs_client     = @@character_set_client */;
/*!50503 SET character_set_client = utf8mb4 */;
CREATE TABLE `data_motorraeder` (
  `motorrad_id` int NOT NULL AUTO_INCREMENT COMMENT 'Primärschlüssel des Motorrads',
  `ersteller` varchar(256) COLLATE utf8mb4_unicode_ci NOT NULL DEFAULT 'DATABASE' COMMENT 'Nutzer welcher diesen Eintrag erstellt hat',
  `erstellt_am` timestamp NOT NULL DEFAULT CURRENT_TIMESTAMP COMMENT 'Zeitstempel des Erstellungsdatums',
  `aktualisiert_von` varchar(256) COLLATE utf8mb4_unicode_ci DEFAULT 'DATABASE' COMMENT 'Nutzer welcher diesen EIntrag zuletzt aktualisiert hat',
  `aktualisiert_am` timestamp NULL DEFAULT CURRENT_TIMESTAMP ON UPDATE CURRENT_TIMESTAMP COMMENT 'Zeitstempel des letzten Aktualisierungsdatums',
  `motorrad_hersteller_id` int NOT NULL COMMENT 'Id des Herstellers des Motorrads. Fremdschlüssel von data_hersteller',
  `motorrad_baureihe_id` int NOT NULL COMMENT 'Id der Baureihe des Motorrads. Fremdschlüssel von data_baureihen',
  `motorrad_kategorie_id` int NOT NULL COMMENT 'Id der Kategorie des Motorrads. Fremdschlüssel von data_kategorien',
  `name` varchar(256) COLLATE utf8mb4_unicode_ci NOT NULL COMMENT 'Name des Motorrads',
  `baujahr` int NOT NULL COMMENT 'Baujahr des Motorrads',
  `leistung_kw` decimal(5,2) DEFAULT NULL COMMENT 'Leistung (kw) des Motorrads',
  `drehmoment_nm` decimal(6,2) DEFAULT NULL COMMENT 'Drehmoment (nm) des Motorrads',
  `0_auf_100_s` decimal(5,2) DEFAULT NULL COMMENT 'Beschleuniging von 0 auf 100km/h (s) des Motorrads',
  `hoechstgeschwindigkeit_kmh` int DEFAULT NULL COMMENT 'Höchstgeschwindigkeit (km/h) des Motorrads',
  `verbrauch_kml` decimal(5,2) DEFAULT NULL COMMENT 'Verbrauch (kilometer/liter) des Motorrads',
  `laenge_mm` int DEFAULT NULL COMMENT 'Größe (mm) des Motorrads',
  `breite_mm` int DEFAULT NULL COMMENT 'Breite (mm) des Motorrads',
  `hoehe_mm` int DEFAULT NULL COMMENT 'Höhe (mm) des Motorrads',
  `sitzhoehe_mm` int DEFAULT NULL COMMENT 'Sitzhöhe (mm) des Motorrads',
  `gewicht_kg` decimal(6,2) DEFAULT NULL COMMENT 'Gewicht (kg) des Motorrads',
  `preis_euro` decimal(10,2) DEFAULT NULL COMMENT 'Preis (€) des Motorrads',
  `bild` blob COMMENT 'Logo des Motorrads',
  `bild_mime` varchar(16) COLLATE utf8mb4_unicode_ci DEFAULT NULL COMMENT 'Mime type des Bildes des Motorrads. Erlaubt sind JPG und PNG',
  PRIMARY KEY (`motorrad_id`),
  KEY `idx_data_motorraeder_motorrad_hersteller_id` (`motorrad_hersteller_id`),
  KEY `idx_data_motorraeder_motorrad_baureihe_id` (`motorrad_baureihe_id`),
  KEY `idx_data_motorraeder_motorrad_kategorie_id` (`motorrad_kategorie_id`),
  KEY `idx_data_motorraeder_name` (`name`),
  KEY `idx_data_motorraeder_baujahr` (`baujahr`),
  KEY `idx_data_motorraeder_leistung_kw` (`leistung_kw`),
  KEY `idx_data_motorraeder_drehmoment_nm` (`drehmoment_nm`),
  KEY `idx_data_motorraeder_verbrauch_kml` (`verbrauch_kml`),
  KEY `idx_data_motorraeder_0_auf_100_s` (`0_auf_100_s`),
  KEY `idx_data_motorraeder_hoechstgeschwindigkeit_kmh` (`hoechstgeschwindigkeit_kmh`),
  KEY `idx_data_motorraeder_sitzhoehe_mm` (`sitzhoehe_mm`),
  KEY `idx_data_motorraeder_gewicht_kg` (`gewicht_kg`),
  KEY `idx_data_motorraeder_preis_euro` (`preis_euro`),
  CONSTRAINT `data_motorraeder_motorrad_baureihen_fk` FOREIGN KEY (`motorrad_baureihe_id`) REFERENCES `data_motorrad_baureihen` (`motorrad_baureihe_id`) ON DELETE CASCADE ON UPDATE CASCADE,
  CONSTRAINT `data_motorraeder_motorrad_hersteller_fk` FOREIGN KEY (`motorrad_hersteller_id`) REFERENCES `data_motorrad_hersteller` (`motorrad_hersteller_id`) ON DELETE CASCADE ON UPDATE CASCADE,
  CONSTRAINT `data_motorraeder_motorrad_kateogrien_fk` FOREIGN KEY (`motorrad_kategorie_id`) REFERENCES `data_motorrad_kategorien` (`motorrad_kategorie_id`) ON DELETE CASCADE ON UPDATE CASCADE
) ENGINE=InnoDB AUTO_INCREMENT=22 DEFAULT CHARSET=utf8mb4 COLLATE=utf8mb4_unicode_ci COMMENT='Tabelle zum speichern von Daten über Motorräder.';
/*!40101 SET character_set_client = @saved_cs_client */;

--
-- Dumping data for table `data_motorraeder`
--

LOCK TABLES `data_motorraeder` WRITE;
/*!40000 ALTER TABLE `data_motorraeder` DISABLE KEYS */;
INSERT INTO `data_motorraeder` VALUES (1,'DATABASE','2025-06-30 20:27:24','DATABASE','2025-06-30 20:27:24',1,1,10,'Ironhorse Texas Chopper Dead Heads',2007,82.00,155.90,NULL,170,18.18,2807,901,1390,641,318.40,28000.00,NULL,NULL),(2,'DATABASE','2025-06-30 20:27:24','DATABASE','2025-06-30 20:27:24',2,2,1,'Aprilla RSV4 1100',2025,160.00,155.90,3.20,305,15.38,2055,735,1165,845,202.00,21999.00,NULL,NULL),(3,'DATABASE','2025-06-30 20:27:24','DATABASE','2025-06-30 20:27:24',2,3,1,'Aprilla RSV4 Factory 1100',2025,161.00,125.00,3.20,320,15.38,2055,735,1420,845,202.00,26999.00,NULL,NULL),(4,'DATABASE','2025-06-30 20:27:24','DATABASE','2025-06-30 20:27:24',2,4,6,'Tuono V4 APRC',2014,125.00,113.00,3.20,249,10.00,2065,800,1090,825,195.00,15703.00,NULL,NULL),(5,'DATABASE','2025-06-30 20:27:24','DATABASE','2025-06-30 20:27:24',2,5,6,'Aprilia Tuono V4 1100',2025,132.40,121.00,3.20,250,13.80,2070,810,1170,836,211.00,17999.00,NULL,NULL),(6,'DATABASE','2025-06-30 20:27:24','DATABASE','2025-06-30 20:27:24',2,5,6,'Aprilia Tuono V4 1100 Factory',2025,132.40,121.00,3.20,250,13.80,2070,810,1170,836,211.00,20999.00,NULL,NULL),(7,'DATABASE','2025-06-30 20:27:24','DATABASE','2025-06-30 20:27:24',3,6,1,'BMW S100RR',2025,154.00,121.00,3.10,303,13.80,2073,545,1205,832,185.00,20890.00,NULL,NULL),(8,'DATABASE','2025-06-30 20:27:24','DATABASE','2025-06-30 20:27:24',5,7,1,'Ducati Panigale V4S',2025,158.90,120.90,3.10,303,15.38,NULL,NULL,NULL,850,187.00,34790.00,NULL,NULL),(9,'DATABASE','2025-06-30 20:27:24','DATABASE','2025-06-30 20:27:24',6,8,4,'Harley Davidson Sporster S',2025,90.00,120.90,3.60,200,19.60,2270,840,NULL,765,228.00,17570.00,NULL,NULL),(10,'DATABASE','2025-06-30 20:27:24','DATABASE','2025-06-30 20:27:24',7,9,1,'Honda CBR1000RR-R Fireblade SP',2024,160.00,113.00,3.30,299,14.92,2105,750,1140,830,201.00,29699.00,NULL,NULL),(11,'DATABASE','2025-06-30 20:27:24','DATABASE','2025-06-30 20:27:24',8,11,8,'Husqvarna 701',2024,55.00,73.50,4.20,195,24.39,2194,814,1183,890,148.00,12499.00,NULL,NULL),(12,'DATABASE','2025-06-30 20:27:24','DATABASE','2025-06-30 20:27:24',9,12,1,'Kawasaki Ninja H2R',2025,228.00,165.00,2.50,405,15.00,2070,850,1160,830,216.00,57000.00,NULL,NULL),(13,'DATABASE','2025-06-30 20:27:24','DATABASE','2025-06-30 20:27:24',10,13,1,'KTM RC 8C',2024,99.00,98.00,3.10,280,9.52,NULL,NULL,NULL,820,142.00,42000.00,NULL,NULL),(14,'DATABASE','2025-06-30 20:27:24','DATABASE','2025-06-30 20:27:24',11,14,1,'MV Agusta F4RR',2018,148.00,111.00,3.45,297,11.11,2115,750,NULL,830,190.00,22000.00,NULL,NULL),(15,'DATABASE','2025-06-30 20:27:24','DATABASE','2025-06-30 20:27:24',11,15,1,'MV Agusta F3 RR',2019,108.00,88.00,2.97,245,16.39,2030,730,NULL,830,185.00,19790.00,NULL,NULL),(16,'DATABASE','2025-06-30 20:27:24','DATABASE','2025-06-30 20:27:24',11,16,1,'MV Agusta F3 Competizione',2025,118.00,88.00,2.97,270,16.39,2030,730,NULL,830,192.50,32800.00,NULL,NULL),(17,'DATABASE','2025-06-30 20:27:24','DATABASE','2025-06-30 20:27:24',12,17,6,'Suzuki GSX S1000 Power Edition',2025,112.00,106.00,3.00,240,16.60,2115,810,1080,810,214.00,14000.00,NULL,NULL),(18,'DATABASE','2025-06-30 20:27:24','DATABASE','2025-06-30 20:27:24',12,17,1,'Suzuki GSX S1000 Power Edition',2025,112.00,106.00,3.00,240,16.60,2115,810,1080,810,214.00,14000.00,NULL,NULL),(19,'DATABASE','2025-06-30 20:27:24','DATABASE','2025-06-30 20:27:24',12,20,1,'Suzuki Hayabusa Power Edition',2025,140.00,150.00,3.20,295,14.92,2180,735,1165,800,265.00,20800.00,NULL,NULL),(20,'DATABASE','2025-06-30 20:27:24','DATABASE','2025-06-30 20:27:24',13,21,6,'Triump Speed Tripple 120 RX Limited Edition',2025,134.60,128.00,3.50,250,15.87,2090,825,1089,830,199.00,21695.00,NULL,NULL),(21,'DATABASE','2025-06-30 20:27:24','DATABASE','2025-06-30 20:27:24',14,22,1,'Yamaha R1 GYTR',2025,147.00,113.30,3.20,299,13.80,2055,690,1150,855,201.00,30189.00,NULL,NULL);
/*!40000 ALTER TABLE `data_motorraeder` ENABLE KEYS */;
UNLOCK TABLES;

--
-- Table structure for table `data_quartett_karten_motorraeder`
--

DROP TABLE IF EXISTS `data_quartett_karten_motorraeder`;
/*!40101 SET @saved_cs_client     = @@character_set_client */;
/*!50503 SET character_set_client = utf8mb4 */;
CREATE TABLE `data_quartett_karten_motorraeder` (
  `quartett_karten_motorrad_id` int NOT NULL AUTO_INCREMENT COMMENT 'Primärschlüssel der Karte',
  `ersteller` varchar(256) COLLATE utf8mb4_unicode_ci NOT NULL DEFAULT 'DATABASE' COMMENT 'Nutzer welcher diesen Eintrag erstellt hat',
  `erstellt_am` timestamp NOT NULL DEFAULT CURRENT_TIMESTAMP COMMENT 'Zeitstempel des Erstellungsdatums',
  `aktualisiert_von` varchar(256) COLLATE utf8mb4_unicode_ci DEFAULT 'DATABASE' COMMENT 'Nutzer welcher diesen EIntrag zuletzt aktualisiert hat',
  `aktualisiert_am` timestamp NULL DEFAULT CURRENT_TIMESTAMP ON UPDATE CURRENT_TIMESTAMP COMMENT 'Zeitstempel des letzten Aktualisierungsdatums',
  `quartett_karten_template_id` int NOT NULL COMMENT 'Quartett Karten Template Id der Karte. Fremdschlüssel von data_quartett_karten_templates',
  `motorrad_id` int NOT NULL COMMENT 'Motorrad Id der Karte. Fremdschlüssel von data_motorraeder',
  PRIMARY KEY (`quartett_karten_motorrad_id`),
  UNIQUE KEY `idx_data_quartett_karten_motorraeder_unique_motorrad_id` (`motorrad_id`),
  KEY `data_quartett_karten_motorraeder_karten_templates_fk` (`quartett_karten_template_id`),
  CONSTRAINT `data_quartett_karten_motorraeder_karten_templates_fk` FOREIGN KEY (`quartett_karten_template_id`) REFERENCES `data_quartett_karten_templates` (`quartett_karten_template_id`) ON DELETE CASCADE ON UPDATE CASCADE,
  CONSTRAINT `data_quartett_karten_motorraeder_motorraeder_fk` FOREIGN KEY (`motorrad_id`) REFERENCES `data_motorraeder` (`motorrad_id`) ON DELETE CASCADE ON UPDATE CASCADE
) ENGINE=InnoDB AUTO_INCREMENT=22 DEFAULT CHARSET=utf8mb4 COLLATE=utf8mb4_unicode_ci COMMENT='Tabelle zum speichern von Daten über Motorrad Quartett Karten.';
/*!40101 SET character_set_client = @saved_cs_client */;

--
-- Dumping data for table `data_quartett_karten_motorraeder`
--

LOCK TABLES `data_quartett_karten_motorraeder` WRITE;
/*!40000 ALTER TABLE `data_quartett_karten_motorraeder` DISABLE KEYS */;
INSERT INTO `data_quartett_karten_motorraeder` VALUES (1,'DATABASE','2025-06-30 21:54:13','DATABASE','2025-06-30 21:54:13',1,1),(2,'DATABASE','2025-06-30 21:54:13','DATABASE','2025-06-30 21:54:13',1,2),(3,'DATABASE','2025-06-30 21:54:13','DATABASE','2025-06-30 21:54:13',1,3),(4,'DATABASE','2025-06-30 21:54:13','DATABASE','2025-06-30 21:54:13',1,4),(5,'DATABASE','2025-06-30 21:54:13','DATABASE','2025-06-30 21:54:13',1,5),(6,'DATABASE','2025-06-30 21:54:13','DATABASE','2025-06-30 21:54:13',1,6),(7,'DATABASE','2025-06-30 21:54:13','DATABASE','2025-06-30 21:54:13',1,7),(8,'DATABASE','2025-06-30 21:54:13','DATABASE','2025-06-30 21:54:13',1,8),(9,'DATABASE','2025-06-30 21:54:13','DATABASE','2025-06-30 21:54:13',1,9),(10,'DATABASE','2025-06-30 21:54:13','DATABASE','2025-06-30 21:54:13',1,10),(11,'DATABASE','2025-06-30 21:54:13','DATABASE','2025-06-30 21:54:13',1,11),(12,'DATABASE','2025-06-30 21:54:13','DATABASE','2025-06-30 21:54:13',1,12),(13,'DATABASE','2025-06-30 21:54:13','DATABASE','2025-06-30 21:54:13',1,13),(14,'DATABASE','2025-06-30 21:54:13','DATABASE','2025-06-30 21:54:13',1,14),(15,'DATABASE','2025-06-30 21:54:13','DATABASE','2025-06-30 21:54:13',1,15),(16,'DATABASE','2025-06-30 21:54:13','DATABASE','2025-06-30 21:54:13',1,16),(17,'DATABASE','2025-06-30 21:54:13','DATABASE','2025-06-30 21:54:13',1,17),(18,'DATABASE','2025-06-30 21:54:13','DATABASE','2025-06-30 21:54:13',1,18),(19,'DATABASE','2025-06-30 21:54:13','DATABASE','2025-06-30 21:54:13',1,19),(20,'DATABASE','2025-06-30 21:54:13','DATABASE','2025-06-30 21:54:13',1,20),(21,'DATABASE','2025-06-30 21:54:13','DATABASE','2025-06-30 21:54:13',1,21);
/*!40000 ALTER TABLE `data_quartett_karten_motorraeder` ENABLE KEYS */;
UNLOCK TABLES;

--
-- Table structure for table `data_quartett_karten_templates`
--

DROP TABLE IF EXISTS `data_quartett_karten_templates`;
/*!40101 SET @saved_cs_client     = @@character_set_client */;
/*!50503 SET character_set_client = utf8mb4 */;
CREATE TABLE `data_quartett_karten_templates` (
  `quartett_karten_template_id` int NOT NULL AUTO_INCREMENT COMMENT 'Primärschlüssel des Quartett Karten Templates',
  `ersteller` varchar(256) COLLATE utf8mb4_unicode_ci NOT NULL DEFAULT 'DATABASE' COMMENT 'Nutzer welcher diesen Eintrag erstellt hat',
  `erstellt_am` timestamp NOT NULL DEFAULT CURRENT_TIMESTAMP COMMENT 'Zeitstempel des Erstellungsdatums',
  `aktualisiert_von` varchar(256) COLLATE utf8mb4_unicode_ci DEFAULT 'DATABASE' COMMENT 'Nutzer welcher diesen EIntrag zuletzt aktualisiert hat',
  `aktualisiert_am` timestamp NULL DEFAULT CURRENT_TIMESTAMP ON UPDATE CURRENT_TIMESTAMP COMMENT 'Zeitstempel des letzten Aktualisierungsdatums',
  `quartett_karten_thema_id` int NOT NULL COMMENT 'Quartentt Karten Thema Id des Quartett Karten Templates. Fremdschlüssel von data_quartett_karten_themen',
  `karten_attribute` json NOT NULL COMMENT 'Kartenattribute des Quartett Karten Templates.',
  PRIMARY KEY (`quartett_karten_template_id`),
  UNIQUE KEY `idx_data_quartett_karten_templates_unique_karten_thema_id` (`quartett_karten_thema_id`),
  CONSTRAINT `data_quartett_karten_templates_themen_fk` FOREIGN KEY (`quartett_karten_thema_id`) REFERENCES `data_quartett_karten_themen` (`quartett_karten_thema_id`) ON DELETE CASCADE ON UPDATE CASCADE
) ENGINE=InnoDB AUTO_INCREMENT=2 DEFAULT CHARSET=utf8mb4 COLLATE=utf8mb4_unicode_ci COMMENT='Tabelle zum speichern von Daten über Quartett Karten Templates.';
/*!40101 SET character_set_client = @saved_cs_client */;

--
-- Dumping data for table `data_quartett_karten_templates`
--

LOCK TABLES `data_quartett_karten_templates` WRITE;
/*!40000 ALTER TABLE `data_quartett_karten_templates` DISABLE KEYS */;
INSERT INTO `data_quartett_karten_templates` VALUES (1,'DATABASE','2025-06-30 18:17:22','DATABASE','2025-06-30 18:17:22',1,'{\"pos_1\": {\"einheit\": \"ccm\", \"bezeichnung\": \"Hubraum\", \"attribut_name\": \"hubraum_ccm\"}, \"pos_2\": {\"einheit\": \"\", \"bezeichnung\": \"Motor\", \"attribut_name\": \"motortyp\"}, \"pos_3\": {\"einheit\": \"kw\", \"bezeichnung\": \"Leistung\", \"attribut_name\": \"leistung_kw\"}, \"pos_4\": {\"einheit\": \"nm\", \"bezeichnung\": \"Drehmoment\", \"attribut_name\": \"drehmoment_nm\"}, \"pos_5\": {\"einheit\": \"km/h\", \"bezeichnung\": \"Höchstgeschwindigkeit\", \"attribut_name\": \"hoechstgeschwindigkeit_kmh\"}, \"pos_6\": {\"einheit\": \"s\", \"bezeichnung\": \"0 auf 100km/h\", \"attribut_name\": \"0_auf_100_s\"}, \"pos_7\": {\"einheit\": \"s\", \"bezeichnung\": \"0 auf 200km/h\", \"attribut_name\": \"0_auf_200_s\"}, \"pos_8\": {\"einheit\": \"km/l\", \"bezeichnung\": \"Verbrauch\", \"attribut_name\": \"verbrauch_kml\"}, \"pos_9\": {\"einheit\": \"kg\", \"bezeichnung\": \"Gewicht\", \"attribut_name\": \"gewicht_kg\"}, \"pos_10\": {\"einheit\": \"Euro\", \"bezeichnung\": \"Preis\", \"attribut_name\": \"preis_euro\"}}');
/*!40000 ALTER TABLE `data_quartett_karten_templates` ENABLE KEYS */;
UNLOCK TABLES;

--
-- Table structure for table `data_quartett_karten_themen`
--

DROP TABLE IF EXISTS `data_quartett_karten_themen`;
/*!40101 SET @saved_cs_client     = @@character_set_client */;
/*!50503 SET character_set_client = utf8mb4 */;
CREATE TABLE `data_quartett_karten_themen` (
  `quartett_karten_thema_id` int NOT NULL AUTO_INCREMENT COMMENT 'Primärschlüssel des Quartett Karten Themas',
  `ersteller` varchar(256) COLLATE utf8mb4_unicode_ci NOT NULL DEFAULT 'DATABASE' COMMENT 'Nutzer welcher diesen Eintrag erstellt hat',
  `erstellt_am` timestamp NOT NULL DEFAULT CURRENT_TIMESTAMP COMMENT 'Zeitstempel des Erstellungsdatums',
  `aktualisiert_von` varchar(256) COLLATE utf8mb4_unicode_ci DEFAULT 'DATABASE' COMMENT 'Nutzer welcher diesen EIntrag zuletzt aktualisiert hat',
  `aktualisiert_am` timestamp NULL DEFAULT CURRENT_TIMESTAMP ON UPDATE CURRENT_TIMESTAMP COMMENT 'Zeitstempel des letzten Aktualisierungsdatums',
  `name` varchar(256) COLLATE utf8mb4_unicode_ci NOT NULL COMMENT 'Name des Quartett Karten Themas',
  `beschreibung` text COLLATE utf8mb4_unicode_ci NOT NULL COMMENT 'Beschreibung des Quartett Karten Themas',
  PRIMARY KEY (`quartett_karten_thema_id`),
  UNIQUE KEY `idx_data_quartett_karten_themen_unique_name` (`name`)
) ENGINE=InnoDB AUTO_INCREMENT=2 DEFAULT CHARSET=utf8mb4 COLLATE=utf8mb4_unicode_ci COMMENT='Tabelle zum speichern von Daten über Quartett Karten Themen.';
/*!40101 SET character_set_client = @saved_cs_client */;

--
-- Dumping data for table `data_quartett_karten_themen`
--

LOCK TABLES `data_quartett_karten_themen` WRITE;
/*!40000 ALTER TABLE `data_quartett_karten_themen` DISABLE KEYS */;
INSERT INTO `data_quartett_karten_themen` VALUES (1,'DATABASE','2025-06-30 17:58:38','DATABASE','2025-06-30 17:58:38','Motorräder','Motorrad-Quartett - Vollgas durch die Welt der Maschinen! Tauche ein in die spannende Welt der Motorräder mit diesem actiongeladenen Quartett-Kartenspiel! Ob kraftvolle Superbikes, elegante Tourer, klassische Oldtimer oder geländetaugliche Enduros - in diesem Spiel findest du die faszinierendsten Maschinen aus aller Welt. Jede Karte präsentiert ein Motorrad mit beeindruckenden technischen Daten wie Höchstgeschwindigkeit, Leistung, Hubraum, Gewicht und Baujahr. Tritt gegen deine Freunde an und vergleicht die Werte - wer die stärkste Maschine hat, gewinnt die Runde! Ideal für Motorradfans, Technikbegeisterte und alle, die den Nervenkitzel von PS-starken Duellen lieben. Ob zu Hause, unterwegs oder in der Werkstatt - dieses Quartett sorgt für Spielspaß mit Adrenalinfaktor!');
/*!40000 ALTER TABLE `data_quartett_karten_themen` ENABLE KEYS */;
UNLOCK TABLES;
/*!40103 SET TIME_ZONE=@OLD_TIME_ZONE */;

/*!40101 SET SQL_MODE=@OLD_SQL_MODE */;
/*!40014 SET FOREIGN_KEY_CHECKS=@OLD_FOREIGN_KEY_CHECKS */;
/*!40014 SET UNIQUE_CHECKS=@OLD_UNIQUE_CHECKS */;
/*!40101 SET CHARACTER_SET_CLIENT=@OLD_CHARACTER_SET_CLIENT */;
/*!40101 SET CHARACTER_SET_RESULTS=@OLD_CHARACTER_SET_RESULTS */;
/*!40101 SET COLLATION_CONNECTION=@OLD_COLLATION_CONNECTION */;
/*!40111 SET SQL_NOTES=@OLD_SQL_NOTES */;

-- Dump completed on 2025-06-30 23:55:49
